date,day_of_week,meal,expected_attendance,actual_attendance,preparation_quantity,consumption_quantity,surplus_quantity,waste_quantity,event_type,holiday,exam_period,weather_condition,intervention
2025-01-01,Wednesday,Breakfast,185,172,60.63,56.33,4.300000000000004,1.15,Normal,1,0,Rainy,
2025-01-01,Wednesday,Lunch,247,264,103.54,79.99,23.55000000000001,6.26,Festival,0,0,Rainy,
2025-01-01,Wednesday,Dinner,222,214,90.22,79.21,11.010000000000005,3.59,Festival,0,0,Cloudy,
2025-01-02,Thursday,Breakfast,190,170,72.4,53.71,18.690000000000005,6.11,Normal,0,0,Cloudy,
2025-01-02,Thursday,Lunch,275,276,99.42,93.29,6.1299999999999955,1.89,Festival,0,0,Cloudy,
2025-01-02,Thursday,Dinner,230,212,89.67,74.97,14.700000000000003,7.23,Normal,1,0,Cloudy,
2025-01-03,Friday,Breakfast,174,194,79.9,74.92,4.980000000000004,1.86,Normal,0,0,Rainy,
2025-01-03,Friday,Lunch,266,260,111.1,103.62,7.47999999999999,3.42,Event,0,0,Clear,
2025-01-03,Friday,Dinner,219,239,103.59,75.59,28.0,8.58,Event,0,0,Rainy,Donation
2025-01-04,Saturday,Breakfast,155,145,58.5,47.05,11.450000000000003,3.88,Festival,1,0,Cloudy,
2025-01-04,Saturday,Lunch,222,222,96.41,83.83,12.579999999999998,3.38,Event,0,0,Clear,
2025-01-04,Saturday,Dinner,183,167,61.97,61.97,0.0,0.0,Normal,0,0,Cloudy,
2025-01-05,Sunday,Breakfast,147,156,56.83,48.98,7.850000000000001,3.32,Event,1,0,Rainy,
2025-01-05,Sunday,Lunch,228,245,95.54,78.87,16.67,8.32,Event,0,0,Rainy,
2025-01-05,Sunday,Dinner,199,182,79.37,57.38,21.990000000000002,5.45,Event,1,0,Rainy,
2025-01-06,Monday,Dinner,219,199,88.63,77.13,11.5,3.21,Normal,1,0,Rainy,
2025-01-06,Monday,Lunch,266,280,119.02,105.52,13.5,4.08,Event,0,0,Cloudy,
2025-01-06,Monday,Breakfast,167,171,66.38,66.38,0.0,0.0,Normal,0,0,Rainy,
2025-01-07,Tuesday,Breakfast,194,180,78.67,59.37,19.300000000000004,7.56,Normal,0,0,Rainy,
2025-01-07,Tuesday,Lunch,256,246,99.37,92.95,6.420000000000002,2.3,Festival,0,0,Clear,
2025-01-07,Tuesday,Dinner,220,201,72.6,67.6,5.0,2.48,Normal,0,0,Cloudy,
2025-01-08,Wednesday,Breakfast,172,188,83.6,58.01,25.589999999999996,8.85,Festival,0,0,Clear,Reduced Preparation
2025-01-08,Wednesday,Lunch,266,276,122.73,87.36,35.370000000000005,12.68,Event,0,0,Rainy,Donation
2025-01-08,Wednesday,Dinner,229,221,93.11,75.12,17.989999999999995,7.22,Event,1,0,Cloudy,
2025-01-09,Thursday,Dinner,221,216,81.62,75.28,6.340000000000003,2.29,Festival,1,0,Rainy,
2025-01-09,Thursday,Lunch,252,232,82.85,82.85,0.0,0.0,Event,0,0,Clear,
2025-01-09,Thursday,Breakfast,179,166,62.22,50.86,11.36,2.34,Normal,1,0,Rainy,
2025-01-10,Friday,Breakfast,180,175,74.98,66.63,8.350000000000009,2.15,Festival,0,0,Clear,
2025-01-10,Friday,Lunch,256,263,102.86,101.62,1.2399999999999949,0.27,Festival,0,0,Rainy,
2025-01-10,Friday,Dinner,206,211,89.22,80.19,9.030000000000001,2.1,Normal,1,0,Clear,
2025-01-11,Saturday,Breakfast,149,137,53.73,44.92,8.809999999999995,2.42,Event,1,0,Clear,
2025-01-11,Saturday,Lunch,218,201,83.46,71.17,12.289999999999992,2.51,Normal,0,0,Clear,
2025-01-11,Saturday,Dinner,188,199,79.23,76.91,2.3200000000000074,1.09,Event,0,0,Clear,
2025-01-12,Sunday,Dinner,176,176,62.61,62.61,0.0,0.0,Normal,0,0,Rainy,
2025-01-12,Sunday,Breakfast,147,143,63.3,54.13,9.169999999999995,2.62,Festival,1,0,Rainy,
2025-01-12,Sunday,Lunch,236,247,90.27,81.43,8.83999999999999,4.34,Festival,1,0,Rainy,
2025-01-13,Monday,Breakfast,195,207,74.11,65.95,8.159999999999997,3.09,Normal,0,0,Rainy,
2025-01-13,Monday,Lunch,248,264,98.9,94.9,4.0,1.55,Festival,1,0,Cloudy,
2025-01-13,Monday,Dinner,223,236,90.07,76.95,13.11999999999999,5.26,Normal,0,0,Cloudy,
2025-01-14,Tuesday,Breakfast,177,165,68.83,54.45,14.379999999999995,4.24,Normal,0,0,Clear,
2025-01-14,Tuesday,Lunch,264,280,125.89,86.05,39.84,10.52,Normal,0,0,Cloudy,Reduced Preparation
2025-01-14,Tuesday,Dinner,233,228,88.23,72.0,16.230000000000004,7.3,Event,1,0,Rainy,
2025-01-15,Wednesday,Breakfast,190,203,71.21,71.21,0.0,0.0,Normal,0,0,Rainy,
2025-01-15,Wednesday,Lunch,253,240,105.35,89.82,15.530000000000001,3.83,Festival,0,0,Cloudy,
2025-01-15,Wednesday,Dinner,227,228,84.44,82.86,1.5799999999999983,0.44,Event,0,0,Cloudy,
2025-01-16,Thursday,Breakfast,167,187,73.37,61.27,12.100000000000001,2.43,Festival,0,0,Clear,
2025-01-16,Thursday,Lunch,250,258,104.53,88.43,16.099999999999994,3.27,Festival,0,0,Clear,
2025-01-16,Thursday,Dinner,222,204,88.43,73.08,15.350000000000009,3.75,Normal,0,0,Clear,
2025-01-17,Friday,Dinner,233,239,84.24,84.24,0.0,0.0,Festival,0,0,Cloudy,
2025-01-17,Friday,Lunch,273,279,124.82,104.61,20.209999999999994,9.65,Normal,0,0,Clear,
2025-01-17,Friday,Breakfast,176,158,69.5,50.72,18.78,5.16,Event,1,0,Clear,
2025-01-18,Saturday,Breakfast,143,133,57.02,41.34,15.68,7.24,Normal,0,0,Cloudy,
2025-01-18,Saturday,Lunch,241,250,96.24,95.51,0.7299999999999898,0.34,Normal,0,0,Clear,
2025-01-18,Saturday,Dinner,187,188,71.04,57.71,13.330000000000005,5.76,Festival,1,0,Cloudy,
2025-01-19,Sunday,Breakfast,147,161,61.68,48.74,12.939999999999998,5.99,Normal,1,0,Cloudy,
2025-01-19,Sunday,Lunch,245,241,85.27,85.27,0.0,0.0,Event,1,0,Cloudy,
2025-01-19,Sunday,Dinner,191,178,69.16,63.66,5.5,1.52,Event,0,0,Rainy,
2025-01-20,Monday,Breakfast,181,195,81.64,76.84,4.799999999999997,2.02,Event,0,0,Clear,
2025-01-20,Monday,Lunch,247,248,102.25,90.85,11.400000000000006,2.71,Festival,0,0,Cloudy,
2025-01-20,Monday,Dinner,226,232,88.77,85.78,2.989999999999995,1.1,Event,0,0,Clear,
2025-01-21,Tuesday,Breakfast,186,177,72.84,58.43,14.410000000000004,5.25,Event,0,0,Clear,
2025-01-21,Tuesday,Lunch,251,258,110.57,93.05,17.519999999999996,5.2,Event,0,0,Cloudy,
2025-01-21,Tuesday,Dinner,221,231,99.19,91.47,7.719999999999999,3.25,Normal,0,0,Rainy,
2025-01-22,Wednesday,Lunch,252,244,89.0,74.33,14.670000000000002,7.26,Normal,0,0,Rainy,
2025-01-22,Wednesday,Dinner,218,238,97.0,88.5,8.5,2.68,Normal,0,0,Cloudy,
2025-01-22,Wednesday,Breakfast,181,201,82.8,62.18,20.619999999999997,10.01,Festival,0,0,Clear,
2025-01-23,Thursday,Dinner,230,239,99.61,95.31,4.299999999999997,1.63,Festival,1,0,Cloudy,
2025-01-23,Thursday,Lunch,270,283,112.2,100.67,11.530000000000001,5.48,Event,0,0,Clear,
2025-01-23,Thursday,Breakfast,185,165,72.48,63.7,8.780000000000001,4.09,Normal,0,0,Cloudy,
2025-01-24,Friday,Breakfast,178,193,76.16,60.97,15.189999999999998,6.96,Event,0,0,Cloudy,
2025-01-24,Friday,Lunch,271,291,109.92,109.92,0.0,0.0,Event,0,0,Clear,
2025-01-24,Friday,Dinner,207,205,76.56,68.38,8.180000000000007,3.82,Normal,0,0,Clear,
2025-01-25,Saturday,Breakfast,142,146,61.23,54.11,7.119999999999997,1.56,Event,1,0,Cloudy,
2025-01-25,Saturday,Lunch,229,235,83.71,83.71,0.0,0.0,Festival,0,0,Rainy,
2025-01-25,Saturday,Dinner,202,218,84.59,65.53,19.060000000000002,5.82,Event,1,0,Cloudy,
2025-01-26,Sunday,Breakfast,158,172,73.96,67.04,6.9199999999999875,2.4,Event,0,0,Cloudy,
2025-01-26,Sunday,Lunch,215,219,84.01,80.57,3.440000000000012,1.1,Event,0,0,Clear,
2025-01-26,Sunday,Dinner,194,208,73.36,70.6,2.760000000000005,1.02,Normal,0,0,Clear,
2025-01-27,Monday,Breakfast,169,178,65.53,58.03,7.5,2.24,Event,0,0,Cloudy,
2025-01-27,Monday,Lunch,269,273,103.15,103.15,0.0,0.0,Event,0,0,Clear,
2025-01-27,Monday,Dinner,228,242,85.96,85.96,0.0,0.0,Festival,0,0,Clear,
2025-01-28,Tuesday,Lunch,260,247,100.38,79.48,20.89999999999999,8.56,Normal,1,0,Cloudy,
2025-01-28,Tuesday,Dinner,224,211,90.26,66.76,23.5,6.89,Normal,0,0,Rainy,
2025-01-28,Tuesday,Breakfast,189,170,75.64,54.39,21.25,4.38,Normal,0,0,Clear,
2025-01-29,Wednesday,Breakfast,183,187,72.87,69.47,3.4000000000000057,0.76,Festival,0,0,Rainy,
2025-01-29,Wednesday,Lunch,248,247,107.45,88.93,18.519999999999996,4.38,Normal,0,0,Rainy,
2025-01-29,Wednesday,Dinner,222,229,95.3,70.28,25.019999999999996,9.86,Event,0,0,Clear,Reduced Preparation
2025-01-30,Thursday,Breakfast,178,181,74.85,69.3,5.549999999999997,2.29,Normal,1,0,Cloudy,
2025-01-30,Thursday,Lunch,275,272,111.95,106.61,5.340000000000003,2.31,Event,1,0,Cloudy,
2025-01-30,Thursday,Dinner,213,213,92.69,81.59,11.099999999999994,2.51,Normal,0,0,Cloudy,
2025-01-31,Friday,Lunch,251,253,108.74,84.51,24.22999999999999,11.24,Event,1,0,Rainy,
2025-01-31,Friday,Breakfast,183,202,84.2,67.4,16.799999999999997,5.85,Normal,0,0,Cloudy,
2025-01-31,Friday,Dinner,205,218,96.97,67.27,29.700000000000003,12.36,Festival,0,0,Cloudy,Donation
2025-02-01,Saturday,Breakfast,150,161,63.57,48.58,14.990000000000002,4.32,Festival,0,0,Cloudy,
2025-02-01,Saturday,Lunch,224,241,93.24,85.64,7.599999999999994,2.31,Festival,0,0,Rainy,
2025-02-01,Saturday,Dinner,186,195,73.53,63.4,10.130000000000003,2.39,Event,0,0,Clear,
2025-02-02,Sunday,Lunch,238,255,114.15,89.88,24.27000000000001,6.92,Normal,0,0,Clear,
2025-02-02,Sunday,Dinner,182,185,68.07,55.76,12.309999999999995,4.43,Normal,0,0,Cloudy,
2025-02-02,Sunday,Breakfast,158,172,76.56,63.47,13.090000000000003,3.37,Event,0,0,Rainy,
2025-02-03,Monday,Lunch,263,261,103.6,89.8,13.799999999999997,3.52,Event,0,0,Clear,
2025-02-03,Monday,Dinner,208,192,74.89,59.02,15.869999999999997,6.17,Normal,0,0,Clear,
2025-02-03,Monday,Breakfast,182,180,75.55,56.27,19.279999999999994,8.88,Normal,0,0,Cloudy,
2025-02-04,Tuesday,Breakfast,190,206,91.65,63.55,28.10000000000001,7.71,Event,1,0,Rainy,Donation
2025-02-04,Tuesday,Lunch,270,289,107.67,101.8,5.8700000000000045,1.97,Event,1,0,Cloudy,
2025-02-04,Tuesday,Dinner,218,217,88.29,66.41,21.88000000000001,10.68,Normal,0,0,Clear,
2025-02-05,Wednesday,Breakfast,173,158,57.78,50.15,7.630000000000003,1.7,Event,0,0,Clear,
2025-02-05,Wednesday,Lunch,267,285,113.14,86.43,26.709999999999994,7.65,Festival,0,0,Cloudy,Reduced Preparation
2025-02-05,Wednesday,Dinner,226,220,97.33,83.33,14.0,5.42,Normal,0,0,Rainy,
2025-02-06,Thursday,Dinner,227,226,94.91,89.1,5.810000000000002,2.03,Event,0,0,Cloudy,
2025-02-06,Thursday,Lunch,250,249,101.97,95.22,6.75,3.21,Normal,0,0,Cloudy,
2025-02-06,Thursday,Breakfast,168,182,67.79,57.31,10.480000000000004,2.93,Normal,0,0,Clear,
2025-02-07,Friday,Breakfast,184,166,72.86,61.99,10.869999999999997,4.14,Normal,0,0,Clear,
2025-02-07,Friday,Lunch,275,291,118.94,87.9,31.039999999999992,13.33,Festival,0,0,Cloudy,Reduced Preparation
2025-02-07,Friday,Dinner,220,233,96.73,91.24,5.490000000000009,1.4,Event,0,0,Rainy,
2025-02-08,Saturday,Breakfast,137,147,56.57,49.0,7.57,3.03,Event,0,0,Clear,
2025-02-08,Saturday,Lunch,237,248,93.95,93.95,0.0,0.0,Normal,0,0,Rainy,
2025-02-08,Saturday,Dinner,177,177,66.42,55.15,11.270000000000003,4.86,Normal,1,0,Rainy,
2025-02-09,Sunday,Dinner,178,159,71.12,57.38,13.740000000000002,3.73,Event,1,0,Clear,
2025-02-09,Sunday,Lunch,239,222,82.22,78.79,3.4299999999999926,1.64,Festival,0,0,Cloudy,
2025-02-09,Sunday,Breakfast,149,155,55.09,54.54,0.5500000000000043,0.21,Festival,0,0,Cloudy,
2025-02-10,Monday,Breakfast,165,180,70.34,58.04,12.300000000000004,5.56,Event,0,0,Clear,
2025-02-10,Monday,Lunch,265,254,101.56,94.4,7.159999999999997,2.52,Event,0,0,Cloudy,
2025-02-10,Monday,Dinner,220,215,85.07,67.61,17.459999999999994,4.49,Festival,0,0,Rainy,
2025-02-11,Tuesday,Breakfast,192,176,66.46,66.46,0.0,0.0,Event,0,0,Rainy,
2025-02-11,Tuesday,Lunch,254,253,109.74,90.57,19.17,7.63,Event,1,0,Clear,
2025-02-11,Tuesday,Dinner,220,222,85.08,83.54,1.539999999999992,0.48,Normal,0,0,Cloudy,
2025-02-12,Wednesday,Breakfast,183,187,69.82,69.82,0.0,0.0,Event,0,0,Rainy,
2025-02-12,Wednesday,Lunch,257,246,98.29,74.71,23.580000000000013,8.27,Event,0,0,Rainy,
2025-02-12,Wednesday,Dinner,232,240,86.39,86.39,0.0,0.0,Event,0,0,Clear,
2025-02-13,Thursday,Dinner,232,246,86.98,75.48,11.5,4.48,Normal,0,0,Cloudy,
2025-02-13,Thursday,Breakfast,167,177,75.78,57.79,17.990000000000002,6.96,Festival,0,0,Cloudy,
2025-02-13,Thursday,Lunch,272,273,118.82,105.36,13.459999999999994,4.23,Festival,0,0,Cloudy,
2025-02-14,Friday,Lunch,273,254,90.07,90.07,0.0,0.0,Event,0,0,Cloudy,
2025-02-14,Friday,Dinner,212,225,88.02,82.84,5.179999999999993,1.32,Normal,1,0,Clear,
2025-02-14,Friday,Breakfast,178,164,69.87,60.74,9.130000000000003,2.1,Festival,0,0,Clear,
2025-02-15,Saturday,Dinner,180,164,64.64,54.87,9.770000000000003,3.68,Event,0,0,Rainy,
2025-02-15,Saturday,Lunch,235,231,91.47,84.7,6.769999999999996,3.18,Event,1,0,Cloudy,
2025-02-15,Saturday,Breakfast,162,166,68.39,53.8,14.590000000000003,6.91,Normal,0,0,Clear,
2025-02-16,Sunday,Breakfast,149,148,54.75,50.09,4.659999999999997,1.61,Event,1,0,Clear,
2025-02-16,Sunday,Lunch,226,242,91.86,89.52,2.3400000000000034,0.48,Event,0,0,Rainy,
2025-02-16,Sunday,Dinner,175,191,83.37,72.17,11.200000000000003,5.51,Festival,0,0,Rainy,
2025-02-17,Monday,Breakfast,191,189,80.81,61.05,19.760000000000005,8.71,Festival,0,0,Clear,
2025-02-17,Monday,Lunch,264,260,108.62,96.74,11.88000000000001,4.72,Festival,0,0,Clear,
2025-02-17,Monday,Dinner,233,253,104.9,83.72,21.180000000000007,7.04,Event,0,0,Rainy,
2025-02-18,Tuesday,Breakfast,167,165,63.14,56.36,6.780000000000001,1.77,Event,1,0,Rainy,
2025-02-18,Tuesday,Lunch,261,258,111.73,84.03,27.700000000000003,12.39,Event,0,0,Cloudy,Reduced Preparation
2025-02-18,Tuesday,Dinner,219,203,73.91,73.91,0.0,0.0,Festival,0,0,Rainy,
2025-02-19,Wednesday,Breakfast,195,210,81.18,79.6,1.5800000000000125,0.32,Normal,0,0,Rainy,
2025-02-19,Wednesday,Lunch,256,252,102.93,96.32,6.610000000000014,3.18,Festival,0,0,Clear,
2025-02-19,Wednesday,Dinner,220,201,82.8,79.26,3.539999999999992,1.06,Normal,0,0,Rainy,
2025-02-20,Thursday,Lunch,254,265,95.83,85.72,10.11,3.65,Event,0,0,Cloudy,
2025-02-20,Thursday,Dinner,226,240,94.06,89.81,4.25,1.05,Festival,0,0,Cloudy,
2025-02-20,Thursday,Breakfast,185,194,85.54,64.06,21.480000000000004,6.93,Normal,0,0,Clear,
2025-02-21,Friday,Breakfast,191,202,83.14,79.57,3.5700000000000074,1.01,Event,0,0,Rainy,
2025-02-21,Friday,Lunch,259,267,118.83,102.94,15.89,3.65,Event,1,0,Rainy,
2025-02-21,Friday,Dinner,233,235,83.67,76.98,6.689999999999998,3.28,Normal,0,0,Cloudy,
2025-02-22,Saturday,Breakfast,155,175,71.7,52.87,18.830000000000005,8.21,Normal,1,0,Clear,
2025-02-22,Saturday,Lunch,221,205,88.76,72.86,15.900000000000006,5.98,Event,0,0,Clear,
2025-02-22,Saturday,Dinner,200,218,76.36,76.36,0.0,0.0,Festival,0,0,Clear,
2025-02-23,Sunday,Lunch,225,206,75.69,62.88,12.809999999999995,5.41,Normal,0,0,Rainy,
2025-02-23,Sunday,Breakfast,160,151,54.51,54.51,0.0,0.0,Normal,1,0,Cloudy,
2025-02-23,Sunday,Dinner,190,198,84.7,69.56,15.14,3.52,Normal,1,0,Rainy,
2025-02-24,Monday,Breakfast,166,179,68.05,65.22,2.8299999999999983,0.59,Event,0,0,Cloudy,
2025-02-24,Monday,Lunch,266,252,100.55,98.52,2.030000000000001,0.45,Event,1,0,Clear,
2025-02-24,Monday,Dinner,209,193,69.99,69.95,0.03999999999999204,0.01,Event,0,0,Rainy,
2025-02-25,Tuesday,Lunch,268,261,102.57,101.48,1.0899999999999892,0.36,Event,0,0,Cloudy,
2025-02-25,Tuesday,Dinner,228,214,81.59,70.89,10.700000000000003,2.96,Festival,0,0,Clear,
2025-02-25,Tuesday,Breakfast,184,197,74.76,69.06,5.700000000000003,1.88,Normal,1,0,Rainy,
2025-02-26,Wednesday,Lunch,262,245,100.12,87.26,12.86,3.84,Event,0,0,Clear,
2025-02-26,Wednesday,Dinner,232,239,104.4,88.93,15.469999999999999,7.59,Event,0,0,Rainy,
2025-02-26,Wednesday,Breakfast,167,152,65.84,47.02,18.82,4.31,Event,0,0,Rainy,
2025-02-27,Thursday,Breakfast,168,184,73.74,58.05,15.689999999999998,5.41,Event,1,0,Clear,
2025-02-27,Thursday,Lunch,256,243,103.58,86.85,16.730000000000004,7.4,Festival,1,0,Rainy,
2025-02-27,Thursday,Dinner,226,241,84.98,84.98,0.0,0.0,Normal,0,0,Cloudy,
2025-02-28,Friday,Breakfast,173,172,76.05,57.64,18.409999999999997,4.68,Festival,0,0,Clear,
2025-02-28,Friday,Lunch,247,236,100.09,93.73,6.359999999999999,1.45,Normal,0,0,Rainy,
2025-02-28,Friday,Dinner,218,227,87.19,76.5,10.689999999999998,4.45,Festival,0,0,Rainy,
2025-03-01,Saturday,Dinner,188,175,66.21,64.37,1.8399999999999892,0.63,Event,0,0,Rainy,
2025-03-01,Saturday,Lunch,236,243,96.85,83.64,13.209999999999994,3.72,Normal,0,0,Rainy,
2025-03-01,Saturday,Breakfast,163,146,53.37,53.37,0.0,0.0,Event,0,0,Clear,
2025-03-02,Sunday,Breakfast,142,147,65.92,44.91,21.010000000000005,5.49,Normal,0,0,Clear,
2025-03-02,Sunday,Lunch,224,224,81.09,78.34,2.75,0.9,Event,1,0,Clear,
2025-03-02,Sunday,Dinner,197,191,76.41,73.22,3.1899999999999977,1.41,Event,0,0,Clear,
2025-03-03,Monday,Breakfast,178,159,62.96,48.94,14.020000000000003,4.12,Festival,0,0,Cloudy,
2025-03-03,Monday,Lunch,267,287,112.44,89.41,23.03,4.75,Normal,1,0,Cloudy,
2025-03-03,Monday,Dinner,219,222,79.66,79.66,0.0,0.0,Event,1,0,Rainy,
2025-03-04,Tuesday,Dinner,212,198,72.2,63.31,8.89,3.39,Normal,0,0,Rainy,
2025-03-04,Tuesday,Lunch,265,252,101.57,80.49,21.08,9.13,Festival,0,0,Cloudy,
2025-03-04,Tuesday,Breakfast,167,172,75.17,64.43,10.739999999999995,2.86,Normal,1,0,Clear,
2025-03-05,Wednesday,Breakfast,195,215,85.87,80.72,5.150000000000006,2.21,Festival,1,0,Cloudy,
2025-03-05,Wednesday,Lunch,265,285,127.87,94.71,33.16000000000001,16.29,Normal,0,0,Cloudy,Reduced Preparation
2025-03-05,Wednesday,Dinner,220,228,94.2,86.56,7.640000000000001,2.88,Festival,0,0,Cloudy,
2025-03-06,Thursday,Breakfast,174,183,72.32,55.94,16.379999999999995,7.36,Festival,0,0,Clear,
2025-03-06,Thursday,Lunch,264,282,113.0,97.65,15.349999999999994,5.62,Normal,0,0,Rainy,
2025-03-06,Thursday,Dinner,234,250,103.8,83.04,20.75999999999999,7.11,Normal,0,0,Clear,
2025-03-07,Friday,Breakfast,168,169,75.75,52.13,23.619999999999997,9.31,Normal,0,0,Clear,
2025-03-07,Friday,Lunch,259,272,109.42,85.92,23.5,7.33,Event,0,0,Cloudy,
2025-03-07,Friday,Dinner,229,230,96.11,70.2,25.909999999999997,10.09,Normal,0,0,Cloudy,Reduced Preparation
2025-03-08,Saturday,Dinner,179,197,82.91,60.77,22.139999999999993,8.14,Event,0,0,Rainy,
2025-03-08,Saturday,Breakfast,152,156,59.03,58.09,0.9399999999999977,0.37,Normal,0,0,Rainy,
2025-03-08,Saturday,Lunch,217,234,97.43,91.65,5.780000000000001,1.69,Festival,0,0,Rainy,
2025-03-09,Sunday,Lunch,220,213,81.83,80.22,1.6099999999999994,0.41,Normal,0,0,Clear,
2025-03-09,Sunday,Dinner,184,170,68.13,60.18,7.949999999999996,3.35,Normal,0,0,Rainy,
2025-03-09,Sunday,Breakfast,156,169,60.73,60.73,0.0,0.0,Event,0,0,Clear,
2025-03-10,Monday,Dinner,229,237,88.5,76.77,11.730000000000004,5.74,Normal,0,0,Cloudy,
2025-03-10,Monday,Lunch,268,276,97.81,92.85,4.960000000000008,2.06,Festival,0,0,Cloudy,
2025-03-10,Monday,Breakfast,193,212,76.98,71.59,5.390000000000001,1.34,Festival,0,0,Rainy,
2025-03-11,Tuesday,Breakfast,186,202,90.59,69.93,20.659999999999997,5.88,Festival,1,0,Cloudy,
2025-03-11,Tuesday,Lunch,258,248,107.06,94.27,12.790000000000006,3.09,Normal,0,0,Cloudy,
2025-03-11,Tuesday,Dinner,232,235,95.28,72.91,22.370000000000005,10.15,Event,0,0,Clear,
2025-03-12,Wednesday,Breakfast,189,179,67.53,67.53,0.0,0.0,Normal,0,0,Cloudy,
2025-03-12,Wednesday,Lunch,271,279,122.33,109.66,12.670000000000002,4.11,Festival,0,0,Cloudy,
2025-03-12,Wednesday,Dinner,212,216,97.08,72.9,24.179999999999993,5.04,Festival,0,0,Clear,
2025-03-13,Thursday,Breakfast,190,179,65.11,58.84,6.269999999999996,2.82,Normal,0,0,Rainy,
2025-03-13,Thursday,Lunch,259,278,97.45,85.6,11.850000000000009,3.28,Festival,1,0,Clear,
2025-03-13,Thursday,Dinner,221,228,82.34,74.97,7.3700000000000045,2.14,Normal,0,0,Clear,
2025-03-14,Friday,Breakfast,185,204,80.73,63.46,17.270000000000003,8.14,Festival,0,0,Rainy,
2025-03-14,Friday,Lunch,265,277,112.88,103.0,9.879999999999995,2.84,Festival,0,0,Clear,
2025-03-14,Friday,Dinner,212,228,89.3,83.55,5.75,1.3,Normal,1,0,Cloudy,
2025-03-15,Saturday,Lunch,226,222,94.29,74.53,19.760000000000005,4.35,Festival,0,0,Clear,
2025-03-15,Saturday,Dinner,199,216,91.48,71.98,19.5,4.16,Event,0,0,Rainy,
2025-03-15,Saturday,Breakfast,152,164,70.3,57.53,12.769999999999996,2.63,Normal,0,0,Cloudy,
2025-03-16,Sunday,Breakfast,161,170,76.17,59.14,17.03,4.34,Normal,0,0,Clear,
2025-03-16,Sunday,Lunch,216,214,79.21,79.21,0.0,0.0,Event,1,0,Cloudy,
2025-03-16,Sunday,Dinner,187,201,79.87,61.04,18.830000000000005,7.42,Event,0,0,Cloudy,
2025-03-17,Monday,Breakfast,192,193,72.82,72.82,0.0,0.0,Festival,0,0,Cloudy,
2025-03-17,Monday,Lunch,273,277,106.34,88.27,18.070000000000007,7.36,Festival,0,0,Cloudy,
2025-03-17,Monday,Dinner,230,215,90.88,66.2,24.679999999999993,9.4,Festival,0,0,Clear,
2025-03-18,Tuesday,Lunch,250,258,99.37,78.49,20.88000000000001,9.62,Festival,0,0,Cloudy,
2025-03-18,Tuesday,Breakfast,175,161,57.64,57.64,0.0,0.0,Festival,0,0,Rainy,
2025-03-18,Tuesday,Dinner,213,233,104.38,91.99,12.39,2.76,Event,0,0,Rainy,
2025-03-19,Wednesday,Breakfast,181,171,76.14,53.74,22.4,8.56,Normal,0,0,Cloudy,
2025-03-19,Wednesday,Lunch,247,242,103.54,81.47,22.070000000000007,6.95,Normal,1,0,Rainy,
2025-03-19,Wednesday,Dinner,209,217,96.54,73.17,23.370000000000005,10.02,Normal,1,0,Rainy,
2025-03-20,Thursday,Lunch,260,273,106.11,97.23,8.879999999999995,2.47,Festival,0,0,Cloudy,
2025-03-20,Thursday,Dinner,211,230,87.07,87.07,0.0,0.0,Normal,0,0,Clear,
2025-03-20,Thursday,Breakfast,176,181,69.04,59.34,9.700000000000003,4.73,Festival,0,0,Clear,
2025-03-21,Friday,Lunch,267,251,101.65,82.59,19.060000000000002,5.53,Festival,0,0,Clear,
2025-03-21,Friday,Dinner,230,233,93.4,72.73,20.67,5.38,Normal,0,0,Clear,
2025-03-21,Friday,Breakfast,179,170,74.78,58.57,16.21,3.67,Event,0,0,Rainy,
2025-03-22,Saturday,Breakfast,135,138,55.95,46.49,9.46,4.17,Normal,1,0,Rainy,
2025-03-22,Saturday,Lunch,243,228,81.3,77.48,3.819999999999993,1.59,Festival,0,0,Cloudy,
2025-03-22,Saturday,Dinner,199,205,88.63,63.01,25.619999999999997,12.6,Normal,0,0,Rainy,Redistribution
2025-03-23,Sunday,Breakfast,156,169,64.97,64.97,0.0,0.0,Festival,0,0,Rainy,
2025-03-23,Sunday,Lunch,239,227,89.27,88.77,0.5,0.11,Festival,0,0,Clear,
2025-03-23,Sunday,Dinner,184,174,63.72,63.72,0.0,0.0,Event,0,0,Rainy,
2025-03-24,Monday,Dinner,228,246,94.41,94.41,0.0,0.0,Normal,0,0,Clear,
2025-03-24,Monday,Lunch,247,259,107.25,93.03,14.219999999999999,5.32,Festival,1,0,Clear,
2025-03-24,Monday,Breakfast,173,165,68.23,58.59,9.64,2.29,Festival,1,0,Cloudy,
2025-03-25,Tuesday,Breakfast,195,211,79.43,67.75,11.680000000000007,4.34,Festival,0,0,Rainy,
2025-03-25,Tuesday,Lunch,260,280,113.28,101.97,11.310000000000002,3.28,Festival,0,0,Clear,
2025-03-25,Tuesday,Dinner,214,223,79.68,68.24,11.440000000000012,3.8,Event,0,0,Cloudy,
2025-03-26,Wednesday,Breakfast,175,193,70.32,70.32,0.0,0.0,Event,0,0,Cloudy,
2025-03-26,Wednesday,Lunch,269,272,109.21,84.49,24.72,6.74,Event,0,0,Clear,
2025-03-26,Wednesday,Dinner,212,201,72.3,66.13,6.170000000000002,1.94,Event,0,0,Rainy,
2025-03-27,Thursday,Dinner,235,230,85.45,77.12,8.329999999999998,1.79,Festival,0,0,Cloudy,
2025-03-27,Thursday,Lunch,261,270,107.97,89.33,18.64,3.86,Festival,0,0,Cloudy,
2025-03-27,Thursday,Breakfast,195,185,79.8,72.77,7.030000000000001,2.92,Normal,0,0,Clear,
2025-03-28,Friday,Breakfast,174,188,65.95,58.42,7.530000000000001,1.81,Festival,0,0,Cloudy,
2025-03-28,Friday,Lunch,269,274,105.93,93.18,12.75,4.73,Event,1,0,Clear,
2025-03-28,Friday,Dinner,214,198,76.95,68.32,8.63000000000001,3.15,Festival,1,0,Rainy,
2025-03-29,Saturday,Breakfast,138,126,56.39,42.76,13.630000000000003,5.97,Festival,0,0,Cloudy,
2025-03-29,Saturday,Lunch,239,228,84.34,80.01,4.329999999999998,1.52,Normal,0,0,Clear,
2025-03-29,Saturday,Dinner,197,198,85.22,69.68,15.539999999999992,3.8,Normal,0,0,Rainy,
2025-03-30,Sunday,Breakfast,164,183,69.88,62.09,7.789999999999992,3.0,Festival,0,0,Cloudy,
2025-03-30,Sunday,Lunch,231,243,97.99,90.12,7.86999999999999,2.28,Event,0,0,Clear,
2025-03-30,Sunday,Dinner,196,183,81.98,65.58,16.400000000000006,7.2,Festival,0,0,Rainy,
2025-03-31,Monday,Dinner,231,226,79.81,79.81,0.0,0.0,Event,0,0,Clear,
2025-03-31,Monday,Breakfast,184,194,73.05,70.92,2.1299999999999955,1.05,Festival,0,0,Rainy,
2025-03-31,Monday,Lunch,268,251,102.5,79.58,22.92,8.91,Event,0,0,Rainy,
2025-04-01,Tuesday,Lunch,267,255,102.48,90.8,11.680000000000007,5.83,Festival,0,1,Cloudy,
2025-04-01,Tuesday,Dinner,215,206,81.57,72.78,8.789999999999992,3.2,Festival,0,1,Rainy,
2025-04-01,Tuesday,Breakfast,178,167,65.35,53.5,11.849999999999994,4.15,Event,0,1,Rainy,
2025-04-02,Wednesday,Dinner,214,201,81.88,71.22,10.659999999999997,5.0,Event,0,1,Cloudy,
2025-04-02,Wednesday,Breakfast,184,194,71.63,62.98,8.649999999999999,3.18,Event,0,1,Clear,
2025-04-02,Wednesday,Lunch,267,260,108.95,90.71,18.24000000000001,6.27,Festival,0,1,Rainy,
2025-04-03,Thursday,Breakfast,174,156,59.09,57.94,1.1500000000000057,0.35,Festival,0,1,Cloudy,
2025-04-03,Thursday,Lunch,268,278,103.25,103.25,0.0,0.0,Festival,0,1,Rainy,
2025-04-03,Thursday,Dinner,209,195,80.26,69.94,10.320000000000007,2.81,Festival,0,1,Rainy,
2025-04-04,Friday,Breakfast,185,179,63.59,61.1,2.490000000000002,1.03,Festival,0,1,Clear,
2025-04-04,Friday,Lunch,245,260,116.43,82.11,34.32000000000001,13.59,Event,0,1,Cloudy,Redistribution
2025-04-04,Friday,Dinner,215,213,88.31,83.24,5.070000000000007,1.15,Normal,1,1,Rainy,
2025-04-05,Saturday,Breakfast,158,140,61.79,44.45,17.339999999999996,8.05,Normal,0,1,Clear,
2025-04-05,Saturday,Lunch,240,251,92.53,92.53,0.0,0.0,Normal,0,1,Cloudy,
2025-04-05,Saturday,Dinner,184,200,82.06,78.57,3.490000000000009,1.05,Festival,1,1,Cloudy,
2025-04-06,Sunday,Breakfast,151,162,71.11,50.77,20.339999999999996,7.14,Normal,0,1,Cloudy,
2025-04-06,Sunday,Lunch,225,215,90.97,78.44,12.530000000000001,5.21,Festival,0,1,Clear,
2025-04-06,Sunday,Dinner,200,198,80.54,74.39,6.150000000000006,1.55,Event,0,1,Rainy,
2025-04-07,Monday,Lunch,274,269,94.33,91.02,3.3100000000000023,1.11,Event,0,1,Cloudy,
2025-04-07,Monday,Dinner,223,239,83.92,83.92,0.0,0.0,Festival,0,1,Clear,
2025-04-07,Monday,Breakfast,181,181,64.92,64.92,0.0,0.0,Event,0,1,Clear,
2025-04-08,Tuesday,Breakfast,179,178,65.14,65.14,0.0,0.0,Event,0,1,Rainy,
2025-04-08,Tuesday,Lunch,265,263,101.72,84.71,17.010000000000005,8.29,Normal,0,1,Cloudy,
2025-04-08,Tuesday,Dinner,228,246,95.29,91.07,4.220000000000013,2.0,Festival,0,1,Rainy,
2025-04-09,Wednesday,Breakfast,189,184,76.92,66.16,10.760000000000005,4.69,Event,1,1,Rainy,
2025-04-09,Wednesday,Lunch,267,270,96.61,96.23,0.37999999999999545,0.08,Festival,0,1,Rainy,
2025-04-09,Wednesday,Dinner,223,237,86.5,78.88,7.6200000000000045,2.72,Festival,0,1,Clear,
2025-04-10,Thursday,Lunch,261,267,105.65,81.64,24.010000000000005,8.13,Festival,0,1,Cloudy,
2025-04-10,Thursday,Breakfast,187,204,81.37,79.54,1.8299999999999983,0.61,Event,0,1,Clear,
2025-04-10,Thursday,Dinner,217,213,91.94,79.79,12.149999999999991,4.54,Event,0,1,Clear,
2025-04-11,Friday,Breakfast,187,171,69.1,52.33,16.769999999999996,7.85,Normal,0,1,Cloudy,
2025-04-11,Friday,Lunch,258,249,106.3,93.77,12.530000000000001,6.18,Event,0,1,Rainy,
2025-04-11,Friday,Dinner,233,237,93.58,92.84,0.7399999999999949,0.23,Festival,1,1,Clear,
2025-04-12,Saturday,Lunch,241,221,94.06,87.92,6.140000000000001,2.08,Festival,0,1,Rainy,
2025-04-12,Saturday,Dinner,192,196,84.74,63.65,21.089999999999996,6.41,Normal,0,1,Cloudy,
2025-04-12,Saturday,Breakfast,139,141,51.02,51.02,0.0,0.0,Festival,0,1,Clear,
2025-04-13,Sunday,Dinner,187,195,72.82,62.74,10.079999999999991,4.63,Normal,1,1,Clear,
2025-04-13,Sunday,Lunch,218,236,83.39,83.39,0.0,0.0,Normal,0,1,Clear,
2025-04-13,Sunday,Breakfast,136,142,58.43,55.89,2.539999999999999,1.18,Normal,0,1,Clear,
2025-04-14,Monday,Breakfast,174,168,72.51,62.69,9.820000000000007,2.9,Festival,0,1,Rainy,
2025-04-14,Monday,Lunch,252,251,109.84,100.04,9.799999999999997,3.49,Event,0,1,Cloudy,
2025-04-14,Monday,Dinner,206,221,98.31,85.74,12.570000000000007,5.95,Festival,0,1,Rainy,
2025-04-15,Tuesday,Breakfast,182,193,68.45,64.55,3.9000000000000057,1.54,Festival,0,1,Cloudy,
2025-04-15,Tuesday,Lunch,267,273,106.7,90.09,16.61,4.24,Event,0,1,Rainy,
2025-04-15,Tuesday,Dinner,232,226,85.9,83.79,2.1099999999999994,0.93,Festival,0,1,Clear,
2025-04-16,Wednesday,Breakfast,195,201,81.55,63.0,18.549999999999997,5.06,Event,0,1,Clear,
2025-04-16,Wednesday,Lunch,274,282,122.59,87.21,35.38000000000001,14.77,Normal,0,1,Clear,Redistribution
2025-04-16,Wednesday,Dinner,226,244,100.11,94.52,5.590000000000003,1.43,Festival,1,1,Rainy,
2025-04-17,Thursday,Breakfast,171,181,67.13,67.13,0.0,0.0,Normal,0,1,Clear,
2025-04-17,Thursday,Lunch,275,262,111.27,98.36,12.909999999999997,6.12,Festival,0,1,Rainy,
2025-04-17,Thursday,Dinner,217,212,85.9,80.04,5.859999999999999,1.84,Festival,0,1,Rainy,
2025-04-18,Friday,Lunch,274,267,103.35,91.15,12.199999999999989,4.5,Festival,0,1,Clear,
2025-04-18,Friday,Dinner,205,201,81.47,72.04,9.429999999999993,3.92,Normal,0,1,Cloudy,
2025-04-18,Friday,Breakfast,174,170,65.61,65.61,0.0,0.0,Event,0,1,Rainy,
2025-04-19,Saturday,Breakfast,145,139,53.93,53.28,0.6499999999999986,0.23,Festival,0,1,Rainy,
2025-04-19,Saturday,Lunch,223,234,104.52,85.22,19.299999999999997,6.7,Festival,0,1,Clear,
2025-04-19,Saturday,Dinner,180,168,70.9,58.6,12.300000000000004,5.84,Festival,0,1,Rainy,
2025-04-20,Sunday,Breakfast,151,133,57.71,40.89,16.82,7.49,Normal,0,1,Clear,
2025-04-20,Sunday,Lunch,219,239,89.18,88.6,0.5800000000000125,0.12,Event,0,1,Rainy,
2025-04-20,Sunday,Dinner,176,195,80.69,76.71,3.980000000000004,1.88,Event,0,1,Rainy,
2025-04-21,Monday,Lunch,245,257,110.85,94.42,16.429999999999993,7.26,Normal,0,1,Clear,
2025-04-21,Monday,Breakfast,165,179,72.52,53.91,18.61,6.68,Festival,0,1,Cloudy,
2025-04-21,Monday,Dinner,221,210,78.56,76.02,2.5400000000000063,0.7,Event,0,1,Cloudy,
2025-04-22,Tuesday,Breakfast,167,170,75.81,58.8,17.010000000000005,4.64,Normal,0,1,Rainy,
2025-04-22,Tuesday,Lunch,266,251,104.26,96.84,7.420000000000002,3.17,Event,0,1,Clear,
2025-04-22,Tuesday,Dinner,217,232,92.24,84.37,7.86999999999999,3.23,Event,0,1,Clear,
2025-04-23,Wednesday,Lunch,251,267,106.15,81.34,24.810000000000002,5.51,Festival,1,1,Cloudy,
2025-04-23,Wednesday,Dinner,226,208,76.53,76.53,0.0,0.0,Festival,0,1,Clear,
2025-04-23,Wednesday,Breakfast,185,186,75.62,71.76,3.8599999999999994,0.88,Normal,0,1,Rainy,
2025-04-24,Thursday,Lunch,255,259,110.22,81.32,28.900000000000006,14.35,Normal,1,1,Rainy,Donation
2025-04-24,Thursday,Dinner,216,199,71.59,64.32,7.27000000000001,1.62,Festival,1,1,Rainy,
2025-04-24,Thursday,Breakfast,189,194,85.92,64.01,21.909999999999997,8.09,Event,1,1,Rainy,
2025-04-25,Friday,Breakfast,177,177,62.47,57.94,4.530000000000001,2.26,Normal,0,1,Cloudy,
2025-04-25,Friday,Lunch,262,266,104.59,97.88,6.710000000000008,2.67,Festival,0,1,Clear,
2025-04-25,Friday,Dinner,230,225,94.79,69.35,25.440000000000012,6.27,Festival,0,1,Rainy,Donation
2025-04-26,Saturday,Breakfast,147,147,56.75,45.45,11.299999999999997,5.46,Event,0,1,Cloudy,
2025-04-26,Saturday,Lunch,218,206,73.9,70.68,3.219999999999999,1.18,Event,0,1,Rainy,
2025-04-26,Saturday,Dinner,175,160,61.66,49.49,12.169999999999995,4.62,Event,0,1,Cloudy,
2025-04-27,Sunday,Breakfast,144,150,58.32,46.27,12.049999999999997,5.67,Festival,1,1,Clear,
2025-04-27,Sunday,Lunch,220,224,82.2,73.22,8.980000000000004,2.52,Normal,0,1,Clear,
2025-04-27,Sunday,Dinner,188,185,72.54,64.46,8.080000000000013,1.8,Normal,0,1,Cloudy,
2025-04-28,Monday,Breakfast,184,203,75.02,63.07,11.949999999999996,3.48,Event,1,1,Cloudy,
2025-04-28,Monday,Lunch,257,258,101.66,88.51,13.149999999999991,5.88,Festival,0,1,Rainy,
2025-04-28,Monday,Dinner,214,214,87.81,79.08,8.730000000000004,3.0,Event,0,1,Clear,
2025-04-29,Tuesday,Lunch,256,243,107.7,77.76,29.939999999999998,14.95,Festival,1,1,Clear,Reduced Preparation
2025-04-29,Tuesday,Dinner,235,244,108.41,78.32,30.090000000000003,13.22,Normal,0,1,Rainy,Donation
2025-04-29,Tuesday,Breakfast,174,194,77.43,69.37,8.060000000000002,2.2,Event,0,1,Cloudy,
2025-04-30,Wednesday,Breakfast,180,168,69.44,54.47,14.969999999999999,5.95,Event,0,1,Rainy,
2025-04-30,Wednesday,Lunch,247,255,114.51,88.72,25.790000000000006,8.26,Festival,0,1,Rainy,Donation
2025-04-30,Wednesday,Dinner,206,209,87.81,79.68,8.129999999999995,3.08,Normal,0,1,Clear,
2025-05-01,Thursday,Breakfast,186,188,68.93,67.92,1.0100000000000051,0.37,Festival,0,1,Rainy,
2025-05-01,Thursday,Lunch,275,276,123.25,94.68,28.569999999999993,5.81,Normal,1,1,Cloudy,Donation
2025-05-01,Thursday,Dinner,221,236,96.3,84.38,11.920000000000002,3.98,Event,1,1,Cloudy,
2025-05-02,Friday,Lunch,248,237,91.21,79.23,11.97999999999999,5.21,Event,0,1,Rainy,
2025-05-02,Friday,Breakfast,187,199,72.65,72.65,0.0,0.0,Event,0,1,Cloudy,
2025-05-02,Friday,Dinner,220,206,81.13,76.15,4.97999999999999,1.47,Normal,0,1,Cloudy,
2025-05-03,Saturday,Breakfast,135,136,56.41,50.01,6.399999999999999,1.6,Normal,1,1,Rainy,
2025-05-03,Saturday,Lunch,220,235,86.01,83.66,2.3500000000000085,1.15,Event,0,1,Clear,
2025-05-03,Saturday,Dinner,180,200,83.15,67.91,15.240000000000009,6.42,Event,1,1,Clear,
2025-05-04,Sunday,Lunch,218,232,85.54,77.16,8.38000000000001,2.82,Festival,0,1,Cloudy,
2025-05-04,Sunday,Dinner,191,211,80.46,71.5,8.959999999999994,2.85,Event,0,1,Clear,
2025-05-04,Sunday,Breakfast,148,152,53.27,48.86,4.410000000000004,1.25,Normal,1,1,Rainy,
2025-05-05,Monday,Dinner,221,225,88.16,70.6,17.560000000000002,5.53,Event,1,1,Clear,
2025-05-05,Monday,Lunch,247,235,89.61,76.11,13.5,3.17,Festival,0,1,Cloudy,
2025-05-05,Monday,Breakfast,192,201,82.76,76.66,6.1000000000000085,2.51,Festival,1,1,Cloudy,
2025-05-06,Tuesday,Breakfast,187,178,72.18,62.12,10.06000000000001,2.44,Event,1,1,Cloudy,
2025-05-06,Tuesday,Lunch,246,248,110.41,86.42,23.989999999999995,6.2,Festival,1,1,Cloudy,
2025-05-06,Tuesday,Dinner,225,236,92.26,82.4,9.86,4.07,Event,0,1,Cloudy,
2025-05-07,Wednesday,Breakfast,167,183,64.61,64.61,0.0,0.0,Normal,1,1,Cloudy,
2025-05-07,Wednesday,Lunch,254,244,104.45,87.0,17.450000000000003,7.53,Festival,1,1,Cloudy,
2025-05-07,Wednesday,Dinner,208,224,80.96,80.96,0.0,0.0,Festival,0,1,Cloudy,
2025-05-08,Thursday,Breakfast,189,197,79.71,78.6,1.1099999999999994,0.26,Normal,0,1,Rainy,
2025-05-08,Thursday,Lunch,272,254,100.32,85.05,15.269999999999996,6.8,Normal,0,1,Cloudy,
2025-05-08,Thursday,Dinner,211,228,95.51,88.03,7.480000000000004,2.87,Normal,1,1,Cloudy,
2025-05-09,Friday,Breakfast,169,162,69.88,61.65,8.229999999999997,3.05,Event,1,1,Rainy,
2025-05-09,Friday,Lunch,262,252,96.36,93.34,3.019999999999996,0.86,Festival,0,1,Cloudy,
2025-05-09,Friday,Dinner,209,215,95.0,85.84,9.159999999999997,4.22,Festival,0,1,Clear,
2025-05-10,Saturday,Lunch,219,235,97.11,85.25,11.86,3.71,Festival,0,1,Clear,
2025-05-10,Saturday,Dinner,187,199,84.57,73.52,11.049999999999997,5.12,Event,0,1,Cloudy,
2025-05-10,Saturday,Breakfast,142,131,55.17,50.15,5.020000000000003,2.15,Event,0,1,Rainy,
2025-05-11,Sunday,Breakfast,153,133,58.11,51.17,6.939999999999998,1.58,Festival,0,1,Cloudy,
2025-05-11,Sunday,Lunch,242,226,97.08,76.79,20.289999999999992,9.95,Event,0,1,Clear,
2025-05-11,Sunday,Dinner,185,183,70.23,65.48,4.75,1.76,Event,0,1,Cloudy,
2025-05-12,Monday,Breakfast,166,152,62.72,58.32,4.399999999999999,0.9,Event,0,1,Clear,
2025-05-12,Monday,Lunch,245,252,93.3,92.95,0.3499999999999943,0.08,Event,0,1,Rainy,
2025-05-12,Monday,Dinner,232,229,82.29,76.95,5.340000000000003,1.2,Festival,0,1,Rainy,
2025-05-13,Tuesday,Lunch,267,253,88.58,87.96,0.6200000000000045,0.15,Festival,0,1,Clear,
2025-05-13,Tuesday,Breakfast,166,171,70.55,63.71,6.839999999999996,2.91,Festival,0,1,Cloudy,
2025-05-13,Tuesday,Dinner,205,185,77.62,70.62,7.0,3.48,Festival,0,1,Cloudy,
2025-05-14,Wednesday,Breakfast,180,164,61.15,50.67,10.479999999999997,4.63,Event,0,1,Clear,
2025-05-14,Wednesday,Lunch,273,272,98.93,98.93,0.0,0.0,Festival,0,1,Clear,
2025-05-14,Wednesday,Dinner,207,220,89.39,79.43,9.959999999999994,2.48,Festival,0,1,Cloudy,
2025-05-15,Thursday,Lunch,249,236,96.51,79.86,16.650000000000006,8.14,Normal,0,1,Cloudy,
2025-05-15,Thursday,Dinner,213,198,74.21,71.3,2.9099999999999966,1.21,Festival,0,1,Cloudy,
2025-05-15,Thursday,Breakfast,185,174,76.91,62.92,13.989999999999995,4.65,Normal,0,1,Clear,
2025-05-16,Friday,Lunch,270,265,105.86,82.49,23.370000000000005,8.18,Normal,1,1,Rainy,
2025-05-16,Friday,Dinner,233,213,95.57,83.79,11.779999999999987,2.82,Event,0,1,Rainy,
2025-05-16,Friday,Breakfast,192,191,70.77,68.89,1.8799999999999955,0.48,Event,0,1,Cloudy,
2025-05-17,Saturday,Dinner,195,207,88.33,70.87,17.459999999999994,5.6,Festival,1,1,Rainy,
2025-05-17,Saturday,Lunch,215,211,78.4,78.4,0.0,0.0,Festival,0,1,Cloudy,
2025-05-17,Saturday,Breakfast,152,143,60.96,56.55,4.410000000000004,1.9,Festival,0,1,Clear,
2025-05-18,Sunday,Breakfast,154,143,54.02,47.33,6.690000000000005,2.36,Normal,1,1,Clear,
2025-05-18,Sunday,Lunch,225,230,93.99,86.55,7.439999999999998,2.94,Normal,0,1,Rainy,
2025-05-18,Sunday,Dinner,197,204,86.29,78.47,7.820000000000007,1.7,Event,0,1,Clear,
2025-05-19,Monday,Breakfast,179,198,81.35,65.52,15.829999999999998,6.69,Normal,0,1,Rainy,
2025-05-19,Monday,Lunch,245,233,97.89,73.72,24.17,11.75,Festival,0,1,Rainy,
2025-05-19,Monday,Dinner,210,213,77.25,77.25,0.0,0.0,Normal,0,1,Clear,
2025-05-20,Tuesday,Breakfast,190,197,74.31,60.36,13.950000000000003,5.77,Festival,0,1,Rainy,
2025-05-20,Tuesday,Lunch,260,269,107.89,82.19,25.700000000000003,11.77,Event,0,1,Clear,Redistribution
2025-05-20,Tuesday,Dinner,229,215,94.48,78.99,15.490000000000009,3.63,Festival,0,1,Rainy,
2025-05-21,Wednesday,Breakfast,166,146,54.67,50.69,3.980000000000004,1.25,Normal,0,1,Clear,
2025-05-21,Wednesday,Lunch,262,268,99.82,87.05,12.769999999999996,6.06,Event,0,1,Cloudy,
2025-05-21,Wednesday,Dinner,223,226,81.8,81.8,0.0,0.0,Festival,0,1,Clear,
2025-05-22,Thursday,Lunch,262,271,95.07,86.74,8.329999999999998,3.07,Festival,1,1,Cloudy,
2025-05-22,Thursday,Dinner,212,221,85.49,85.49,0.0,0.0,Festival,1,1,Clear,
2025-05-22,Thursday,Breakfast,195,200,71.38,69.3,2.0799999999999983,0.59,Event,0,1,Cloudy,
2025-05-23,Friday,Breakfast,189,184,67.17,67.17,0.0,0.0,Event,0,1,Rainy,
2025-05-23,Friday,Lunch,275,276,96.64,96.64,0.0,0.0,Event,0,1,Rainy,
2025-05-23,Friday,Dinner,211,224,100.42,76.6,23.820000000000007,11.63,Festival,0,1,Clear,
2025-05-24,Saturday,Breakfast,137,119,52.61,46.38,6.229999999999997,2.22,Event,0,1,Rainy,
2025-05-24,Saturday,Lunch,238,223,91.0,78.17,12.829999999999998,5.02,Normal,1,1,Cloudy,
2025-05-24,Saturday,Dinner,193,176,69.26,69.26,0.0,0.0,Event,0,1,Cloudy,
2025-05-25,Sunday,Lunch,218,207,74.64,71.41,3.230000000000004,0.95,Festival,0,1,Clear,
2025-05-25,Sunday,Breakfast,157,157,59.94,51.37,8.57,1.91,Normal,1,1,Clear,
2025-05-25,Sunday,Dinner,205,198,78.25,68.57,9.680000000000007,4.41,Normal,0,1,Clear,
2025-05-26,Monday,Breakfast,191,209,73.99,73.99,0.0,0.0,Festival,0,1,Clear,
2025-05-26,Monday,Lunch,275,277,107.93,84.46,23.470000000000013,6.8,Normal,0,1,Clear,
2025-05-26,Monday,Dinner,232,240,97.34,85.2,12.14,2.77,Normal,0,1,Clear,
2025-05-27,Tuesday,Lunch,263,280,105.25,105.25,0.0,0.0,Normal,0,1,Clear,
2025-05-27,Tuesday,Dinner,230,218,78.31,78.31,0.0,0.0,Normal,0,1,Clear,
2025-05-27,Tuesday,Breakfast,165,148,64.09,58.94,5.150000000000006,1.23,Event,0,1,Cloudy,
2025-05-28,Wednesday,Dinner,206,225,92.68,73.03,19.650000000000006,5.67,Festival,0,1,Cloudy,
2025-05-28,Wednesday,Lunch,266,273,100.27,87.76,12.509999999999991,3.2,Event,0,1,Cloudy,
2025-05-28,Wednesday,Breakfast,166,156,69.02,53.56,15.459999999999994,6.45,Normal,0,1,Cloudy,
2025-05-29,Thursday,Breakfast,166,151,57.07,47.37,9.700000000000003,2.52,Normal,1,1,Rainy,
2025-05-29,Thursday,Lunch,270,251,112.68,94.93,17.75,5.46,Event,0,1,Rainy,
2025-05-29,Thursday,Dinner,234,250,100.06,84.71,15.350000000000009,3.9,Festival,0,1,Cloudy,
2025-05-30,Friday,Breakfast,165,162,57.65,57.65,0.0,0.0,Normal,0,1,Rainy,
2025-05-30,Friday,Lunch,248,243,101.01,79.38,21.63000000000001,9.63,Normal,0,1,Rainy,
2025-05-30,Friday,Dinner,223,227,87.5,87.15,0.3499999999999943,0.16,Normal,1,1,Clear,
2025-05-31,Saturday,Breakfast,145,147,64.89,44.51,20.380000000000003,8.36,Festival,0,1,Rainy,
2025-05-31,Saturday,Lunch,233,225,97.58,85.73,11.849999999999994,5.82,Event,0,1,Rainy,
2025-05-31,Saturday,Dinner,190,172,61.75,55.6,6.149999999999999,1.63,Event,0,1,Rainy,
2025-06-01,Sunday,Breakfast,145,164,60.7,51.34,9.36,3.89,Normal,0,0,Cloudy,
2025-06-01,Sunday,Lunch,219,236,99.23,74.14,25.090000000000003,5.85,Event,0,0,Rainy,Redistribution
2025-06-01,Sunday,Dinner,197,202,82.54,67.4,15.14,4.49,Festival,0,0,Clear,
2025-06-02,Monday,Lunch,270,272,101.27,97.62,3.6499999999999915,0.92,Festival,0,0,Cloudy,
2025-06-02,Monday,Dinner,209,200,84.58,78.98,5.599999999999994,2.71,Festival,0,0,Cloudy,
2025-06-02,Monday,Breakfast,190,210,93.67,76.63,17.040000000000006,4.3,Festival,1,0,Rainy,
2025-06-03,Tuesday,Breakfast,170,188,71.78,71.61,0.1700000000000017,0.07,Festival,0,0,Rainy,
2025-06-03,Tuesday,Lunch,274,285,103.76,103.76,0.0,0.0,Normal,0,0,Cloudy,
2025-06-03,Tuesday,Dinner,231,251,106.16,83.73,22.429999999999993,4.56,Normal,0,0,Clear,
2025-06-04,Wednesday,Breakfast,176,172,73.74,63.99,9.749999999999993,2.09,Festival,0,0,Cloudy,
2025-06-04,Wednesday,Lunch,250,256,102.22,86.5,15.719999999999999,5.72,Event,1,0,Clear,
2025-06-04,Wednesday,Dinner,225,219,80.21,67.31,12.899999999999991,5.85,Normal,0,0,Cloudy,
2025-06-05,Thursday,Lunch,275,260,99.79,99.79,0.0,0.0,Normal,0,0,Rainy,
2025-06-05,Thursday,Breakfast,173,159,56.83,50.4,6.43,2.01,Normal,1,0,Rainy,
2025-06-05,Thursday,Dinner,235,225,92.41,77.27,15.14,3.27,Normal,0,0,Cloudy,
2025-06-06,Friday,Breakfast,178,193,81.49,71.99,9.5,2.66,Event,0,0,Cloudy,
2025-06-06,Friday,Lunch,248,231,89.93,82.0,7.930000000000007,2.75,Event,0,0,Clear,
2025-06-06,Friday,Dinner,218,203,77.03,74.34,2.6899999999999977,1.02,Normal,0,0,Clear,
2025-06-07,Saturday,Lunch,230,241,105.92,78.69,27.230000000000004,10.69,Normal,0,0,Cloudy,Redistribution
2025-06-07,Saturday,Dinner,186,177,69.84,57.76,12.080000000000005,4.1,Event,1,0,Clear,
2025-06-07,Saturday,Breakfast,141,131,54.21,52.1,2.1099999999999994,0.72,Event,0,0,Clear,
2025-06-08,Sunday,Lunch,239,256,95.42,78.36,17.060000000000002,5.39,Event,1,0,Rainy,
2025-06-08,Sunday,Dinner,196,206,83.9,66.65,17.25,4.99,Festival,0,0,Cloudy,
2025-06-08,Sunday,Breakfast,136,125,53.15,45.84,7.309999999999995,1.65,Festival,0,0,Cloudy,
2025-06-09,Monday,Breakfast,181,197,86.69,74.87,11.819999999999993,4.77,Normal,0,0,Rainy,
2025-06-09,Monday,Lunch,275,283,103.94,103.94,0.0,0.0,Normal,0,0,Clear,
2025-06-09,Monday,Dinner,218,203,91.11,69.74,21.370000000000005,10.67,Normal,1,0,Rainy,
2025-06-10,Tuesday,Breakfast,173,173,76.31,67.72,8.590000000000003,1.89,Festival,0,0,Cloudy,
2025-06-10,Tuesday,Lunch,262,262,114.14,92.22,21.92,10.42,Festival,1,0,Clear,
2025-06-10,Tuesday,Dinner,223,236,101.05,73.46,27.590000000000003,6.76,Festival,1,0,Rainy,Reduced Preparation
2025-06-11,Wednesday,Breakfast,194,180,73.13,55.82,17.309999999999995,4.95,Event,0,0,Rainy,
2025-06-11,Wednesday,Lunch,253,257,106.78,91.8,14.980000000000004,5.12,Event,0,0,Clear,
2025-06-11,Wednesday,Dinner,209,228,93.68,84.22,9.460000000000008,2.0,Festival,0,0,Cloudy,
2025-06-12,Thursday,Breakfast,166,176,77.81,68.59,9.219999999999999,1.9,Event,0,0,Cloudy,
2025-06-12,Thursday,Lunch,271,282,122.9,103.91,18.99000000000001,9.34,Normal,0,0,Clear,
2025-06-12,Thursday,Dinner,228,236,100.87,78.37,22.5,9.42,Festival,0,0,Rainy,
2025-06-13,Friday,Lunch,261,251,89.5,89.5,0.0,0.0,Festival,0,0,Rainy,
2025-06-13,Friday,Dinner,210,202,88.38,64.65,23.72999999999999,5.15,Event,0,0,Clear,
2025-06-13,Friday,Breakfast,171,179,66.43,66.43,0.0,0.0,Event,0,0,Rainy,
2025-06-14,Saturday,Breakfast,164,167,70.22,54.68,15.54,6.95,Event,0,0,Rainy,
2025-06-14,Saturday,Lunch,236,217,81.2,75.71,5.490000000000009,1.83,Festival,1,0,Cloudy,
2025-06-14,Saturday,Dinner,186,188,68.87,68.87,0.0,0.0,Normal,0,0,Rainy,
2025-06-15,Sunday,Breakfast,135,139,49.34,49.34,0.0,0.0,Normal,0,0,Clear,
2025-06-15,Sunday,Lunch,236,229,86.31,78.08,8.230000000000004,1.7,Normal,0,0,Rainy,
2025-06-15,Sunday,Dinner,204,192,79.63,69.14,10.489999999999995,2.12,Festival,0,0,Cloudy,
2025-06-16,Monday,Lunch,254,267,115.46,90.7,24.75999999999999,5.71,Festival,0,0,Rainy,
2025-06-16,Monday,Breakfast,187,184,72.2,62.13,10.07,3.07,Normal,0,0,Cloudy,
2025-06-16,Monday,Dinner,222,240,98.62,79.16,19.460000000000008,4.52,Event,0,0,Clear,
2025-06-17,Tuesday,Breakfast,185,185,80.69,60.33,20.36,8.41,Event,0,0,Rainy,
2025-06-17,Tuesday,Lunch,249,262,111.76,102.17,9.590000000000003,4.23,Event,0,0,Rainy,
2025-06-17,Tuesday,Dinner,226,214,90.34,78.23,12.11,6.05,Event,0,0,Cloudy,
2025-06-18,Wednesday,Lunch,266,280,115.87,97.32,18.55000000000001,8.95,Festival,0,0,Cloudy,
2025-06-18,Wednesday,Dinner,232,222,96.36,86.06,10.299999999999997,2.62,Event,0,0,Clear,
2025-06-18,Wednesday,Breakfast,177,159,64.92,63.52,1.3999999999999986,0.62,Festival,0,0,Cloudy,
2025-06-19,Thursday,Dinner,223,221,87.6,68.9,18.69999999999999,4.04,Festival,1,0,Rainy,
2025-06-19,Thursday,Lunch,252,254,94.57,94.57,0.0,0.0,Event,0,0,Cloudy,
2025-06-19,Thursday,Breakfast,188,184,77.74,65.49,12.25,5.81,Event,0,0,Rainy,
2025-06-20,Friday,Breakfast,195,214,76.42,76.42,0.0,0.0,Event,1,0,Rainy,
2025-06-20,Friday,Lunch,254,260,92.41,92.41,0.0,0.0,Event,0,0,Clear,
2025-06-20,Friday,Dinner,223,232,84.52,84.52,0.0,0.0,Event,0,0,Clear,
2025-06-21,Saturday,Breakfast,155,146,55.68,44.65,11.030000000000001,3.7,Normal,1,0,Clear,
2025-06-21,Saturday,Lunch,239,229,91.36,86.19,5.170000000000002,1.17,Event,0,0,Rainy,
2025-06-21,Saturday,Dinner,187,194,86.63,65.64,20.989999999999995,4.44,Festival,0,0,Clear,
2025-06-22,Sunday,Breakfast,165,145,63.68,54.47,9.21,3.31,Festival,0,0,Clear,
2025-06-22,Sunday,Lunch,235,230,85.7,85.7,0.0,0.0,Event,1,0,Clear,
2025-06-22,Sunday,Dinner,193,192,70.41,70.41,0.0,0.0,Event,1,0,Cloudy,
2025-06-23,Monday,Breakfast,184,197,75.61,75.61,0.0,0.0,Event,0,0,Cloudy,
2025-06-23,Monday,Lunch,269,261,95.65,95.65,0.0,0.0,Normal,0,0,Clear,
2025-06-23,Monday,Dinner,228,216,80.16,65.27,14.89,5.23,Event,0,0,Clear,
2025-06-24,Tuesday,Lunch,265,246,87.29,76.65,10.64,3.55,Festival,0,0,Clear,
2025-06-24,Tuesday,Dinner,220,209,77.44,77.03,0.4099999999999966,0.08,Festival,0,0,Cloudy,
2025-06-24,Tuesday,Breakfast,177,197,73.99,69.63,4.359999999999999,0.93,Festival,0,0,Clear,
2025-06-25,Wednesday,Breakfast,186,199,75.02,71.75,3.269999999999996,0.79,Festival,1,0,Clear,
2025-06-25,Wednesday,Lunch,248,246,88.9,76.41,12.490000000000009,3.24,Event,1,0,Clear,
2025-06-25,Wednesday,Dinner,211,213,89.53,70.19,19.340000000000003,4.1,Normal,0,0,Cloudy,
2025-06-26,Thursday,Breakfast,175,170,59.55,59.55,0.0,0.0,Festival,0,0,Rainy,
2025-06-26,Thursday,Lunch,249,234,100.14,71.96,28.180000000000007,11.76,Festival,0,0,Cloudy,Redistribution
2025-06-26,Thursday,Dinner,214,210,83.25,65.1,18.150000000000006,4.58,Event,0,0,Clear,
2025-06-27,Friday,Lunch,266,256,98.01,98.01,0.0,0.0,Festival,0,0,Cloudy,
2025-06-27,Friday,Breakfast,190,190,74.59,59.2,15.39,7.01,Normal,0,0,Clear,
2025-06-27,Friday,Dinner,216,217,79.92,73.8,6.1200000000000045,2.99,Event,0,0,Cloudy,
2025-06-28,Saturday,Breakfast,160,166,68.87,63.03,5.840000000000003,1.37,Festival,0,0,Rainy,
2025-06-28,Saturday,Lunch,245,235,84.69,84.69,0.0,0.0,Festival,0,0,Rainy,
2025-06-28,Saturday,Dinner,180,199,77.21,66.84,10.36999999999999,2.16,Festival,0,0,Rainy,
2025-06-29,Sunday,Lunch,215,228,97.3,81.55,15.75,5.82,Event,1,0,Rainy,
2025-06-29,Sunday,Dinner,191,210,75.5,75.5,0.0,0.0,Festival,0,0,Cloudy,
2025-06-29,Sunday,Breakfast,150,161,58.17,54.92,3.25,0.69,Festival,0,0,Cloudy,
2025-06-30,Monday,Lunch,272,283,123.65,87.02,36.63000000000001,12.73,Event,0,0,Clear,Reduced Preparation
2025-06-30,Monday,Dinner,221,215,87.09,72.64,14.450000000000003,6.43,Event,0,0,Clear,
2025-06-30,Monday,Breakfast,169,184,80.81,66.48,14.329999999999998,2.92,Festival,0,0,Clear,
2025-07-01,Tuesday,Lunch,248,253,98.98,90.0,8.980000000000004,1.8,Festival,1,0,Clear,
2025-07-01,Tuesday,Dinner,225,224,98.34,79.8,18.540000000000006,7.35,Event,0,0,Cloudy,
2025-07-01,Tuesday,Breakfast,190,206,81.33,79.45,1.8799999999999955,0.63,Event,0,0,Clear,
2025-07-02,Wednesday,Dinner,231,251,112.06,82.63,29.430000000000007,10.49,Normal,0,0,Rainy,Reduced Preparation
2025-07-02,Wednesday,Lunch,267,270,113.83,84.08,29.75,12.73,Normal,0,0,Clear,Redistribution
2025-07-02,Wednesday,Breakfast,191,174,75.11,66.89,8.219999999999999,2.46,Festival,0,0,Rainy,
2025-07-03,Thursday,Breakfast,180,168,72.61,62.87,9.740000000000002,3.14,Festival,0,0,Cloudy,
2025-07-03,Thursday,Lunch,251,238,105.44,80.75,24.689999999999998,8.32,Festival,0,0,Clear,
2025-07-03,Thursday,Dinner,208,214,75.9,75.9,0.0,0.0,Event,0,0,Clear,
2025-07-04,Friday,Breakfast,186,203,90.46,63.63,26.82999999999999,9.38,Festival,0,0,Rainy,Donation
2025-07-04,Friday,Lunch,274,281,121.92,97.87,24.049999999999997,8.48,Festival,1,0,Clear,
2025-07-04,Friday,Dinner,210,198,71.35,71.35,0.0,0.0,Festival,0,0,Cloudy,
2025-07-05,Saturday,Breakfast,148,166,73.3,62.46,10.839999999999996,3.06,Event,0,0,Cloudy,
2025-07-05,Saturday,Lunch,240,228,82.95,82.14,0.8100000000000023,0.38,Event,1,0,Rainy,
2025-07-05,Saturday,Dinner,202,202,85.08,79.5,5.579999999999998,2.18,Normal,1,0,Clear,
2025-07-06,Sunday,Breakfast,157,155,64.89,60.78,4.109999999999999,0.99,Festival,0,0,Rainy,
2025-07-06,Sunday,Lunch,231,245,102.76,81.4,21.36,5.01,Festival,0,0,Cloudy,
2025-07-06,Sunday,Dinner,193,209,92.85,77.54,15.309999999999988,6.16,Event,0,0,Rainy,
2025-07-07,Monday,Lunch,253,243,108.95,89.51,19.439999999999998,4.74,Festival,0,0,Clear,
2025-07-07,Monday,Dinner,211,225,79.48,79.48,0.0,0.0,Festival,1,0,Rainy,
2025-07-07,Monday,Breakfast,190,170,68.39,51.43,16.96,4.13,Normal,0,0,Rainy,
2025-07-08,Tuesday,Breakfast,192,186,78.91,66.24,12.670000000000002,3.44,Event,0,0,Rainy,
2025-07-08,Tuesday,Lunch,274,278,108.07,108.07,0.0,0.0,Festival,0,0,Cloudy,
2025-07-08,Tuesday,Dinner,205,201,74.43,74.43,0.0,0.0,Normal,0,0,Cloudy,
2025-07-09,Wednesday,Breakfast,189,206,83.36,74.23,9.129999999999995,3.95,Event,0,0,Clear,
2025-07-09,Wednesday,Lunch,250,234,86.28,74.27,12.010000000000005,4.25,Normal,0,0,Cloudy,
2025-07-09,Wednesday,Dinner,213,228,85.82,72.07,13.75,6.24,Event,0,0,Clear,
2025-07-10,Thursday,Lunch,260,276,111.78,84.81,26.97,11.12,Normal,0,0,Rainy,Donation
2025-07-10,Thursday,Breakfast,187,176,62.3,62.3,0.0,0.0,Festival,0,0,Rainy,
2025-07-10,Thursday,Dinner,207,219,80.14,77.59,2.549999999999997,0.82,Normal,0,0,Cloudy,
2025-07-11,Friday,Breakfast,186,187,71.64,61.59,10.049999999999997,4.88,Festival,0,0,Rainy,
2025-07-11,Friday,Lunch,262,242,87.48,80.97,6.510000000000005,1.77,Festival,1,0,Rainy,
2025-07-11,Friday,Dinner,212,194,81.14,64.43,16.709999999999994,7.94,Event,0,0,Clear,
2025-07-12,Saturday,Lunch,230,212,80.48,77.41,3.0700000000000074,0.91,Normal,0,0,Clear,
2025-07-12,Saturday,Dinner,205,219,88.33,79.43,8.899999999999991,2.34,Normal,0,0,Rainy,
2025-07-12,Saturday,Breakfast,152,150,52.87,52.75,0.11999999999999744,0.05,Festival,0,0,Rainy,
2025-07-13,Sunday,Dinner,200,196,79.54,70.07,9.470000000000013,2.54,Event,0,0,Cloudy,
2025-07-13,Sunday,Lunch,238,227,79.99,79.99,0.0,0.0,Normal,0,0,Clear,
2025-07-13,Sunday,Breakfast,161,147,54.47,54.47,0.0,0.0,Event,0,0,Rainy,
2025-07-14,Monday,Breakfast,179,199,77.7,66.0,11.700000000000003,3.71,Festival,0,0,Clear,
2025-07-14,Monday,Lunch,265,284,101.2,101.2,0.0,0.0,Event,1,0,Clear,
2025-07-14,Monday,Dinner,208,206,88.31,68.01,20.299999999999997,4.59,Event,0,0,Cloudy,
2025-07-15,Tuesday,Breakfast,191,172,68.35,60.78,7.569999999999993,1.83,Festival,0,0,Cloudy,
2025-07-15,Tuesday,Lunch,275,295,107.5,107.5,0.0,0.0,Festival,0,0,Rainy,
2025-07-15,Tuesday,Dinner,235,215,87.15,76.43,10.719999999999999,2.54,Festival,1,0,Clear,
2025-07-16,Wednesday,Breakfast,177,191,77.31,58.93,18.380000000000003,4.83,Festival,0,0,Rainy,
2025-07-16,Wednesday,Lunch,251,257,113.22,98.98,14.239999999999995,3.46,Normal,1,0,Clear,
2025-07-16,Wednesday,Dinner,231,227,83.86,72.22,11.64,5.12,Festival,0,0,Clear,
2025-07-17,Thursday,Breakfast,185,200,71.46,71.46,0.0,0.0,Festival,1,0,Clear,
2025-07-17,Thursday,Lunch,260,261,100.67,95.82,4.8500000000000085,1.31,Festival,0,0,Cloudy,
2025-07-17,Thursday,Dinner,233,225,85.9,77.64,8.260000000000005,3.18,Festival,1,0,Cloudy,
2025-07-18,Friday,Lunch,252,246,103.62,89.56,14.060000000000002,3.98,Normal,0,0,Cloudy,
2025-07-18,Friday,Dinner,233,243,96.3,81.62,14.679999999999993,4.28,Normal,0,0,Rainy,
2025-07-18,Friday,Breakfast,169,185,75.24,70.44,4.799999999999997,2.34,Normal,0,0,Clear,
2025-07-19,Saturday,Breakfast,155,173,61.97,56.75,5.219999999999999,2.34,Normal,0,0,Rainy,
2025-07-19,Saturday,Lunch,238,258,92.27,79.35,12.920000000000002,2.66,Festival,0,0,Rainy,
2025-07-19,Saturday,Dinner,201,218,88.92,82.17,6.75,1.78,Festival,0,0,Clear,
2025-07-20,Sunday,Breakfast,152,166,65.94,62.67,3.269999999999996,1.01,Festival,0,0,Clear,
2025-07-20,Sunday,Lunch,219,228,91.23,70.46,20.77000000000001,6.42,Festival,0,0,Clear,
2025-07-20,Sunday,Dinner,202,221,92.47,83.03,9.439999999999998,2.28,Normal,1,0,Clear,
2025-07-21,Monday,Lunch,252,263,98.15,85.85,12.300000000000011,3.32,Normal,1,0,Rainy,
2025-07-21,Monday,Breakfast,195,211,87.76,83.72,4.040000000000006,1.7,Event,0,0,Cloudy,
2025-07-21,Monday,Dinner,234,237,92.15,92.15,0.0,0.0,Festival,0,0,Clear,
2025-07-22,Tuesday,Breakfast,168,181,74.82,59.25,15.569999999999993,6.58,Festival,1,0,Rainy,
2025-07-22,Tuesday,Lunch,250,254,105.5,85.48,20.019999999999996,7.93,Festival,0,0,Clear,
2025-07-22,Tuesday,Dinner,217,211,84.75,70.75,14.0,6.44,Event,1,0,Cloudy,
2025-07-23,Wednesday,Lunch,251,240,88.49,80.69,7.799999999999997,3.24,Festival,0,0,Clear,
2025-07-23,Wednesday,Dinner,218,219,92.42,76.25,16.17,5.56,Festival,0,0,Clear,
2025-07-23,Wednesday,Breakfast,165,177,77.56,60.89,16.67,4.49,Festival,0,0,Rainy,
2025-07-24,Thursday,Lunch,246,262,95.55,82.96,12.590000000000003,6.0,Event,1,0,Rainy,
2025-07-24,Thursday,Dinner,223,243,85.5,85.5,0.0,0.0,Normal,0,0,Cloudy,
2025-07-24,Thursday,Breakfast,185,191,67.28,58.12,9.160000000000004,3.41,Normal,1,0,Clear,
2025-07-25,Friday,Breakfast,179,197,88.51,76.19,12.320000000000007,3.09,Festival,0,0,Cloudy,
2025-07-25,Friday,Lunch,270,287,124.0,91.32,32.68000000000001,13.0,Normal,0,0,Cloudy,Redistribution
2025-07-25,Friday,Dinner,224,241,86.01,81.41,4.6000000000000085,1.1,Normal,1,0,Clear,
2025-07-26,Saturday,Breakfast,162,174,72.81,66.58,6.230000000000004,2.38,Event,1,0,Clear,
2025-07-26,Saturday,Lunch,234,216,94.56,76.28,18.28,7.78,Event,0,0,Clear,
2025-07-26,Saturday,Dinner,203,221,89.27,66.33,22.939999999999998,11.04,Festival,0,0,Rainy,
2025-07-27,Sunday,Breakfast,151,157,60.76,47.78,12.979999999999997,4.66,Event,0,0,Clear,
2025-07-27,Sunday,Lunch,226,243,104.6,94.96,9.64,4.35,Normal,0,0,Rainy,
2025-07-27,Sunday,Dinner,179,175,69.6,56.57,13.029999999999994,5.96,Festival,1,0,Cloudy,
2025-07-28,Monday,Breakfast,178,174,64.19,64.19,0.0,0.0,Festival,0,0,Rainy,
2025-07-28,Monday,Lunch,261,241,93.39,77.25,16.14,7.12,Event,0,0,Cloudy,
2025-07-28,Monday,Dinner,209,216,89.67,70.28,19.39,8.85,Festival,0,0,Cloudy,
2025-07-29,Tuesday,Lunch,250,253,102.7,88.14,14.560000000000002,7.23,Event,0,0,Rainy,
2025-07-29,Tuesday,Dinner,228,216,94.07,79.04,15.029999999999987,6.38,Festival,0,0,Cloudy,
2025-07-29,Tuesday,Breakfast,184,181,81.3,61.49,19.809999999999995,5.17,Festival,0,0,Rainy,
2025-07-30,Wednesday,Breakfast,168,161,64.53,60.96,3.5700000000000003,1.58,Festival,0,0,Rainy,
2025-07-30,Wednesday,Lunch,250,254,113.4,76.33,37.07000000000001,8.43,Event,1,0,Clear,Redistribution
2025-07-30,Wednesday,Dinner,207,191,71.88,64.38,7.5,2.87,Event,0,0,Rainy,
2025-07-31,Thursday,Breakfast,184,197,74.59,74.59,0.0,0.0,Festival,0,0,Clear,
2025-07-31,Thursday,Lunch,259,239,88.47,87.4,1.0699999999999932,0.47,Normal,0,0,Cloudy,
2025-07-31,Thursday,Dinner,230,248,99.46,91.72,7.739999999999995,2.98,Normal,0,0,Rainy,
2025-08-01,Friday,Lunch,257,274,101.39,82.62,18.769999999999996,7.72,Festival,0,0,Clear,
2025-08-01,Friday,Breakfast,172,152,68.03,46.92,21.11,5.97,Event,0,0,Cloudy,
2025-08-01,Friday,Dinner,228,243,107.28,81.36,25.92,12.68,Normal,1,0,Cloudy,Reduced Preparation
2025-08-02,Saturday,Breakfast,149,154,62.75,50.22,12.530000000000001,4.04,Festival,0,0,Clear,
2025-08-02,Saturday,Lunch,231,229,87.94,71.38,16.560000000000002,5.86,Festival,1,0,Cloudy,
2025-08-02,Saturday,Dinner,183,191,85.3,68.06,17.239999999999995,7.43,Event,0,0,Cloudy,
2025-08-03,Sunday,Lunch,236,230,98.9,78.49,20.41000000000001,6.25,Normal,0,0,Rainy,
2025-08-03,Sunday,Dinner,182,180,64.67,64.67,0.0,0.0,Festival,0,0,Clear,
2025-08-03,Sunday,Breakfast,163,180,78.52,62.68,15.839999999999996,4.39,Festival,0,0,Cloudy,
2025-08-04,Monday,Dinner,231,250,96.4,94.47,1.9300000000000068,0.45,Festival,0,0,Clear,
2025-08-04,Monday,Lunch,260,252,94.12,81.7,12.420000000000002,3.47,Normal,0,0,Clear,
2025-08-04,Monday,Breakfast,180,180,69.36,69.36,0.0,0.0,Festival,0,0,Rainy,
2025-08-05,Tuesday,Breakfast,184,164,69.93,58.08,11.850000000000009,2.52,Event,1,0,Cloudy,
2025-08-05,Tuesday,Lunch,255,266,116.99,103.23,13.759999999999991,5.12,Event,0,0,Cloudy,
2025-08-05,Tuesday,Dinner,229,241,91.1,77.65,13.449999999999989,5.02,Festival,0,0,Clear,
2025-08-06,Wednesday,Breakfast,180,194,68.53,64.94,3.5900000000000034,1.65,Event,0,0,Clear,
2025-08-06,Wednesday,Lunch,267,280,110.88,103.3,7.579999999999998,1.54,Event,1,0,Clear,
2025-08-06,Wednesday,Dinner,208,208,80.32,80.32,0.0,0.0,Normal,0,0,Cloudy,
2025-08-07,Thursday,Breakfast,180,199,76.48,63.36,13.120000000000005,4.29,Festival,0,0,Cloudy,
2025-08-07,Thursday,Lunch,256,261,98.65,83.0,15.650000000000006,3.75,Festival,0,0,Rainy,
2025-08-07,Thursday,Dinner,231,217,91.59,82.55,9.040000000000006,3.32,Normal,0,0,Cloudy,
2025-08-08,Friday,Breakfast,190,179,71.12,53.87,17.250000000000007,5.63,Festival,1,0,Clear,
2025-08-08,Friday,Lunch,262,262,112.28,86.46,25.820000000000007,9.52,Normal,0,0,Rainy,Reduced Preparation
2025-08-08,Friday,Dinner,227,217,77.25,77.25,0.0,0.0,Normal,0,0,Rainy,
2025-08-09,Saturday,Lunch,228,215,82.8,79.11,3.6899999999999977,1.41,Festival,1,0,Rainy,
2025-08-09,Saturday,Dinner,180,178,68.62,65.38,3.240000000000009,1.12,Event,0,0,Rainy,
2025-08-09,Saturday,Breakfast,158,159,59.78,53.43,6.350000000000001,2.33,Event,0,0,Cloudy,
2025-08-10,Sunday,Breakfast,147,166,62.86,60.29,2.5700000000000003,0.63,Festival,0,0,Clear,
2025-08-10,Sunday,Lunch,228,248,101.99,84.44,17.549999999999997,8.28,Normal,0,0,Clear,
2025-08-10,Sunday,Dinner,182,182,69.47,59.9,9.57,2.68,Event,0,0,Rainy,
2025-08-11,Monday,Breakfast,193,201,86.05,79.17,6.8799999999999955,2.92,Event,0,0,Rainy,
2025-08-11,Monday,Lunch,250,241,104.94,75.31,29.629999999999995,8.01,Festival,0,0,Cloudy,Reduced Preparation
2025-08-11,Monday,Dinner,210,215,77.46,65.87,11.58999999999999,5.37,Normal,0,0,Rainy,
2025-08-12,Tuesday,Lunch,265,269,102.47,87.35,15.120000000000005,4.31,Normal,0,0,Rainy,
2025-08-12,Tuesday,Breakfast,189,194,78.07,77.52,0.5499999999999972,0.13,Normal,0,0,Rainy,
2025-08-12,Tuesday,Dinner,221,211,74.45,74.45,0.0,0.0,Event,0,0,Cloudy,
2025-08-13,Wednesday,Breakfast,192,206,91.36,73.1,18.260000000000005,4.39,Festival,0,0,Rainy,
2025-08-13,Wednesday,Lunch,263,281,111.18,105.34,5.840000000000003,2.7,Festival,1,0,Cloudy,
2025-08-13,Wednesday,Dinner,214,216,86.0,69.71,16.290000000000006,3.7,Event,0,0,Cloudy,
2025-08-14,Thursday,Lunch,260,274,96.13,96.13,0.0,0.0,Event,0,0,Cloudy,
2025-08-14,Thursday,Dinner,229,236,101.43,84.89,16.540000000000006,7.26,Event,0,0,Rainy,
2025-08-14,Thursday,Breakfast,173,162,61.62,48.6,13.019999999999996,5.79,Event,0,0,Clear,
2025-08-15,Friday,Lunch,252,248,88.76,88.76,0.0,0.0,Festival,0,0,Rainy,
2025-08-15,Friday,Dinner,214,228,98.24,77.81,20.429999999999993,9.32,Normal,0,0,Clear,
2025-08-15,Friday,Breakfast,178,193,75.99,62.72,13.269999999999996,5.5,Event,0,0,Rainy,
2025-08-16,Saturday,Lunch,215,204,72.41,72.11,0.29999999999999716,0.08,Event,0,0,Clear,
2025-08-16,Saturday,Dinner,179,187,79.05,60.45,18.599999999999994,4.56,Normal,0,0,Cloudy,
2025-08-16,Saturday,Breakfast,138,158,62.49,54.55,7.940000000000005,3.26,Normal,0,0,Cloudy,
2025-08-17,Sunday,Breakfast,148,147,63.0,51.43,11.57,3.6,Normal,0,0,Rainy,
2025-08-17,Sunday,Lunch,217,206,73.25,73.25,0.0,0.0,Normal,0,0,Cloudy,
2025-08-17,Sunday,Dinner,203,199,85.91,76.18,9.72999999999999,2.3,Normal,0,0,Rainy,
2025-08-18,Monday,Breakfast,189,197,73.82,73.82,0.0,0.0,Normal,1,0,Rainy,
2025-08-18,Monday,Lunch,266,259,102.9,95.35,7.550000000000011,2.22,Normal,0,0,Cloudy,
2025-08-18,Monday,Dinner,228,243,97.71,79.06,18.64999999999999,7.3,Event,0,0,Clear,
2025-08-19,Tuesday,Breakfast,192,185,82.76,59.87,22.890000000000008,7.56,Normal,0,0,Clear,
2025-08-19,Tuesday,Lunch,263,250,97.4,81.08,16.320000000000007,8.01,Festival,0,0,Rainy,
2025-08-19,Tuesday,Dinner,227,245,89.55,89.55,0.0,0.0,Normal,1,0,Cloudy,
2025-08-20,Wednesday,Breakfast,175,195,69.42,65.43,3.989999999999995,0.98,Normal,0,0,Rainy,
2025-08-20,Wednesday,Lunch,260,254,96.95,90.38,6.570000000000007,2.58,Event,0,0,Cloudy,
2025-08-20,Wednesday,Dinner,205,209,80.64,65.52,15.120000000000005,7.1,Festival,0,0,Cloudy,
2025-08-21,Thursday,Lunch,268,277,104.58,104.58,0.0,0.0,Normal,0,0,Rainy,
2025-08-21,Thursday,Dinner,221,210,82.94,80.21,2.730000000000004,0.99,Normal,1,0,Cloudy,
2025-08-21,Thursday,Breakfast,182,180,72.77,62.82,9.949999999999996,3.68,Event,0,0,Rainy,
2025-08-22,Friday,Breakfast,177,168,73.63,60.81,12.819999999999993,3.96,Normal,0,0,Rainy,
2025-08-22,Friday,Lunch,268,252,104.79,89.18,15.61,4.94,Festival,0,0,Rainy,
2025-08-22,Friday,Dinner,229,244,89.16,80.11,9.049999999999997,2.92,Normal,0,0,Cloudy,
2025-08-23,Saturday,Breakfast,151,135,47.84,47.84,0.0,0.0,Normal,0,0,Clear,
2025-08-23,Saturday,Lunch,230,222,79.89,79.28,0.6099999999999994,0.28,Event,1,0,Rainy,
2025-08-23,Saturday,Dinner,194,211,79.25,71.03,8.219999999999999,3.14,Normal,0,0,Clear,
2025-08-24,Sunday,Lunch,232,238,102.86,90.3,12.560000000000002,2.73,Event,1,0,Rainy,
2025-08-24,Sunday,Breakfast,155,166,73.51,63.61,9.900000000000006,3.37,Normal,0,0,Rainy,
2025-08-24,Sunday,Dinner,176,160,69.35,49.25,20.099999999999994,5.32,Normal,0,0,Rainy,
2025-08-25,Monday,Breakfast,188,182,73.38,58.05,15.329999999999998,5.49,Festival,0,0,Clear,
2025-08-25,Monday,Lunch,262,277,108.45,86.02,22.430000000000007,8.78,Festival,0,0,Cloudy,
2025-08-25,Monday,Dinner,227,234,102.56,74.1,28.460000000000008,7.23,Festival,0,0,Cloudy,Donation
2025-08-26,Tuesday,Lunch,272,275,107.59,99.91,7.680000000000007,3.44,Festival,0,0,Cloudy,
2025-08-26,Tuesday,Dinner,223,237,88.02,88.02,0.0,0.0,Event,0,0,Cloudy,
2025-08-26,Tuesday,Breakfast,170,184,82.77,63.35,19.419999999999995,5.94,Festival,0,0,Cloudy,
2025-08-27,Wednesday,Lunch,273,272,95.38,95.38,0.0,0.0,Normal,0,0,Cloudy,
2025-08-27,Wednesday,Dinner,234,249,99.88,88.91,10.969999999999999,4.08,Normal,0,0,Clear,
2025-08-27,Wednesday,Breakfast,179,184,64.4,55.84,8.560000000000002,2.44,Festival,0,0,Clear,
2025-08-28,Thursday,Breakfast,176,165,60.03,55.56,4.469999999999999,1.68,Event,0,0,Clear,
2025-08-28,Thursday,Lunch,247,263,102.56,102.56,0.0,0.0,Event,0,0,Rainy,
2025-08-28,Thursday,Dinner,210,221,95.6,81.54,14.059999999999988,5.24,Festival,0,0,Clear,
2025-08-29,Friday,Breakfast,166,182,70.64,68.8,1.8400000000000034,0.88,Event,0,0,Cloudy,
2025-08-29,Friday,Lunch,258,245,107.06,79.05,28.010000000000005,11.09,Normal,0,0,Rainy,Reduced Preparation
2025-08-29,Friday,Dinner,214,227,80.38,80.36,0.01999999999999602,0.01,Festival,0,0,Rainy,
2025-08-30,Saturday,Dinner,193,176,71.25,57.42,13.829999999999998,4.42,Festival,0,0,Cloudy,
2025-08-30,Saturday,Lunch,217,211,82.96,79.89,3.069999999999993,0.75,Normal,0,0,Cloudy,
2025-08-30,Saturday,Breakfast,139,122,50.92,48.77,2.1499999999999986,1.06,Festival,1,0,Rainy,
2025-08-31,Sunday,Breakfast,159,147,58.52,47.01,11.510000000000005,3.67,Normal,1,0,Rainy,
2025-08-31,Sunday,Lunch,234,247,92.53,75.87,16.659999999999997,7.22,Festival,1,0,Cloudy,
2025-08-31,Sunday,Dinner,177,164,68.42,56.15,12.270000000000003,3.74,Event,1,0,Cloudy,
2025-09-01,Monday,Breakfast,185,166,70.88,52.61,18.269999999999996,5.57,Festival,0,0,Cloudy,
2025-09-01,Monday,Lunch,259,241,106.62,77.93,28.689999999999998,11.64,Festival,0,0,Clear,Reduced Preparation
2025-09-01,Monday,Dinner,228,211,78.98,76.4,2.5799999999999983,0.63,Normal,0,0,Cloudy,
2025-09-02,Tuesday,Dinner,217,234,103.1,82.53,20.569999999999993,5.69,Event,0,0,Clear,
2025-09-02,Tuesday,Lunch,251,265,106.62,86.35,20.27000000000001,6.99,Normal,0,0,Rainy,
2025-09-02,Tuesday,Breakfast,187,174,66.21,60.4,5.809999999999995,1.74,Festival,0,0,Rainy,
2025-09-03,Wednesday,Breakfast,190,209,78.82,72.42,6.3999999999999915,3.1,Event,0,0,Clear,
2025-09-03,Wednesday,Lunch,266,269,117.4,81.21,36.19000000000001,16.65,Event,0,0,Rainy,Redistribution
2025-09-03,Wednesday,Dinner,221,207,91.16,72.13,19.03,7.21,Normal,0,0,Clear,
2025-09-04,Thursday,Breakfast,181,190,77.15,70.54,6.609999999999999,1.4,Event,0,0,Rainy,
2025-09-04,Thursday,Lunch,260,265,112.48,79.99,32.49000000000001,13.17,Festival,0,0,Cloudy,Reduced Preparation
2025-09-04,Thursday,Dinner,221,218,94.0,79.04,14.959999999999994,6.93,Festival,0,0,Clear,
2025-09-05,Friday,Breakfast,172,161,61.85,54.62,7.230000000000004,1.74,Event,1,0,Rainy,
2025-09-05,Friday,Lunch,275,294,128.56,108.38,20.180000000000007,6.56,Normal,0,0,Rainy,
2025-09-05,Friday,Dinner,214,232,88.84,82.18,6.659999999999997,1.74,Festival,1,0,Clear,
2025-09-06,Saturday,Dinner,205,192,70.74,70.74,0.0,0.0,Event,0,0,Clear,
2025-09-06,Saturday,Breakfast,156,148,64.57,48.97,15.599999999999994,6.42,Normal,0,0,Rainy,
2025-09-06,Saturday,Lunch,244,233,96.84,83.06,13.780000000000001,3.41,Festival,1,0,Clear,
2025-09-07,Sunday,Lunch,219,211,76.1,67.2,8.899999999999991,3.82,Festival,0,0,Rainy,
2025-09-07,Sunday,Dinner,194,210,86.36,75.52,10.840000000000003,2.92,Event,0,0,Clear,
2025-09-07,Sunday,Breakfast,165,171,65.04,64.05,0.9900000000000091,0.44,Festival,0,0,Rainy,
2025-09-08,Monday,Dinner,234,231,102.8,74.44,28.36,11.38,Normal,0,0,Clear,Reduced Preparation
2025-09-08,Monday,Lunch,272,276,110.16,86.6,23.560000000000002,6.08,Event,0,0,Clear,
2025-09-08,Monday,Breakfast,187,197,71.59,71.59,0.0,0.0,Event,0,0,Rainy,
2025-09-09,Tuesday,Breakfast,194,202,88.22,70.5,17.72,5.27,Normal,0,0,Cloudy,
2025-09-09,Tuesday,Lunch,257,239,98.18,91.4,6.780000000000001,2.82,Festival,1,0,Cloudy,
2025-09-09,Tuesday,Dinner,224,238,95.8,92.24,3.5600000000000023,1.55,Normal,0,0,Rainy,
2025-09-10,Wednesday,Breakfast,179,161,70.48,52.26,18.220000000000006,6.59,Normal,1,0,Rainy,
2025-09-10,Wednesday,Lunch,257,270,115.16,106.99,8.170000000000002,2.1,Event,0,0,Cloudy,
2025-09-10,Wednesday,Dinner,229,227,89.92,77.69,12.230000000000004,4.7,Festival,1,0,Clear,
2025-09-11,Thursday,Breakfast,193,182,72.14,66.36,5.780000000000001,1.31,Normal,0,0,Rainy,
2025-09-11,Thursday,Lunch,269,286,126.92,105.71,21.210000000000008,5.1,Event,0,0,Cloudy,
2025-09-11,Thursday,Dinner,205,196,77.49,76.37,1.1199999999999903,0.52,Normal,0,0,Cloudy,
2025-09-12,Friday,Breakfast,175,165,69.6,51.54,18.059999999999995,4.23,Festival,0,0,Cloudy,
2025-09-12,Friday,Lunch,247,260,109.39,96.9,12.489999999999995,6.15,Normal,0,0,Rainy,
2025-09-12,Friday,Dinner,222,226,80.09,71.66,8.430000000000007,2.53,Normal,0,0,Rainy,
2025-09-13,Saturday,Lunch,224,244,89.81,89.81,0.0,0.0,Festival,0,0,Clear,
2025-09-13,Saturday,Dinner,175,184,73.56,64.38,9.180000000000007,4.06,Event,0,0,Rainy,
2025-09-13,Saturday,Breakfast,162,151,55.55,55.55,0.0,0.0,Festival,0,0,Cloudy,
2025-09-14,Sunday,Breakfast,141,158,65.72,54.57,11.149999999999999,3.71,Festival,0,0,Rainy,
2025-09-14,Sunday,Lunch,222,237,89.54,86.0,3.5400000000000063,1.58,Normal,0,0,Clear,
2025-09-14,Sunday,Dinner,179,162,67.28,49.19,18.090000000000003,8.25,Festival,1,0,Rainy,
2025-09-15,Monday,Breakfast,174,175,77.36,53.36,24.0,7.8,Normal,0,0,Clear,
2025-09-15,Monday,Lunch,264,282,114.84,100.45,14.39,7.05,Festival,0,0,Rainy,
2025-09-15,Monday,Dinner,234,216,77.61,71.26,6.349999999999994,1.97,Normal,0,0,Cloudy,
2025-09-16,Tuesday,Lunch,258,271,100.54,86.97,13.570000000000007,2.95,Festival,1,0,Rainy,
2025-09-16,Tuesday,Breakfast,191,206,73.44,71.5,1.9399999999999977,0.46,Event,1,0,Cloudy,
2025-09-16,Tuesday,Dinner,207,217,91.66,78.22,13.439999999999998,5.87,Event,0,0,Rainy,
2025-09-17,Wednesday,Breakfast,184,184,69.18,65.78,3.4000000000000057,1.31,Festival,1,0,Clear,
2025-09-17,Wednesday,Lunch,260,273,115.46,95.49,19.97,8.83,Normal,0,0,Rainy,
2025-09-17,Wednesday,Dinner,211,191,69.11,66.18,2.9299999999999926,1.29,Normal,1,0,Rainy,
2025-09-18,Thursday,Lunch,267,265,99.49,81.3,18.189999999999998,5.28,Event,0,0,Rainy,
2025-09-18,Thursday,Dinner,208,209,80.28,77.84,2.4399999999999977,0.94,Normal,0,0,Clear,
2025-09-18,Thursday,Breakfast,178,184,65.24,61.63,3.6099999999999923,1.59,Normal,0,0,Clear,
2025-09-19,Friday,Dinner,234,217,94.07,71.6,22.47,9.38,Festival,1,0,Cloudy,
2025-09-19,Friday,Lunch,260,249,102.77,96.91,5.859999999999999,2.11,Event,0,0,Cloudy,
2025-09-19,Friday,Breakfast,175,176,77.83,61.23,16.6,5.68,Festival,0,0,Clear,
2025-09-20,Saturday,Breakfast,135,128,52.19,42.65,9.54,4.53,Normal,0,0,Cloudy,
2025-09-20,Saturday,Lunch,223,204,78.32,68.85,9.469999999999999,3.41,Festival,1,0,Clear,
2025-09-20,Saturday,Dinner,187,178,72.89,68.79,4.099999999999994,1.75,Event,0,0,Rainy,
2025-09-21,Sunday,Breakfast,143,149,53.44,53.44,0.0,0.0,Normal,1,0,Cloudy,
2025-09-21,Sunday,Lunch,224,215,77.66,77.66,0.0,0.0,Event,1,0,Clear,
2025-09-21,Sunday,Dinner,175,185,81.49,58.35,23.139999999999993,6.99,Festival,1,0,Cloudy,
2025-09-22,Monday,Breakfast,174,174,63.39,63.39,0.0,0.0,Festival,0,0,Rainy,
2025-09-22,Monday,Lunch,251,233,92.25,86.53,5.719999999999999,2.04,Event,0,0,Clear,
2025-09-22,Monday,Dinner,226,244,106.67,81.33,25.340000000000003,11.83,Festival,0,0,Clear,Reduced Preparation
2025-09-23,Tuesday,Dinner,222,234,84.3,82.9,1.3999999999999915,0.51,Normal,0,0,Cloudy,
2025-09-23,Tuesday,Breakfast,183,182,75.33,58.42,16.909999999999997,4.4,Event,1,0,Cloudy,
2025-09-23,Tuesday,Lunch,255,263,109.7,86.07,23.63000000000001,5.84,Normal,1,0,Clear,
2025-09-24,Wednesday,Dinner,217,208,87.46,80.94,6.519999999999996,2.53,Festival,0,0,Rainy,
2025-09-24,Wednesday,Lunch,249,230,91.33,84.54,6.789999999999992,1.57,Normal,0,0,Clear,
2025-09-24,Wednesday,Breakfast,183,178,65.35,58.94,6.409999999999997,3.0,Event,0,0,Rainy,
2025-09-25,Thursday,Breakfast,184,186,70.91,70.91,0.0,0.0,Festival,0,0,Rainy,
2025-09-25,Thursday,Lunch,274,283,115.12,87.53,27.590000000000003,12.16,Event,0,0,Rainy,Redistribution
2025-09-25,Thursday,Dinner,214,223,88.54,88.03,0.5100000000000051,0.13,Event,0,0,Rainy,
2025-09-26,Friday,Breakfast,177,168,70.55,61.58,8.969999999999999,3.92,Event,0,0,Cloudy,
2025-09-26,Friday,Lunch,245,229,91.04,76.75,14.290000000000006,4.83,Event,0,0,Clear,
2025-09-26,Friday,Dinner,224,240,87.06,74.47,12.590000000000003,5.6,Event,1,0,Clear,
2025-09-27,Saturday,Dinner,188,195,79.31,65.17,14.14,5.77,Festival,0,0,Clear,
2025-09-27,Saturday,Breakfast,155,139,59.66,49.11,10.549999999999997,3.38,Normal,1,0,Cloudy,
2025-09-27,Saturday,Lunch,222,237,86.72,82.53,4.189999999999998,0.92,Festival,1,0,Clear,
2025-09-28,Sunday,Lunch,241,249,91.54,91.54,0.0,0.0,Festival,1,0,Clear,
2025-09-28,Sunday,Dinner,199,203,77.7,73.99,3.710000000000008,0.81,Normal,1,0,Clear,
2025-09-28,Sunday,Breakfast,158,174,75.46,54.19,21.269999999999996,8.06,Festival,0,0,Cloudy,
2025-09-29,Monday,Lunch,257,276,112.55,88.2,24.349999999999994,9.85,Event,1,0,Cloudy,
2025-09-29,Monday,Dinner,230,229,101.18,90.15,11.030000000000001,4.58,Normal,1,0,Cloudy,
2025-09-29,Monday,Breakfast,193,213,91.8,80.03,11.769999999999996,4.69,Festival,0,0,Cloudy,
2025-09-30,Tuesday,Lunch,273,288,128.68,86.42,42.260000000000005,15.55,Normal,0,0,Cloudy,Reduced Preparation
2025-09-30,Tuesday,Dinner,212,219,92.03,74.33,17.700000000000003,5.23,Event,0,0,Cloudy,
2025-09-30,Tuesday,Breakfast,165,184,82.55,62.64,19.909999999999997,4.74,Normal,0,0,Cloudy,
2025-10-01,Wednesday,Lunch,271,277,101.22,101.22,0.0,0.0,Normal,0,0,Clear,
2025-10-01,Wednesday,Dinner,225,206,75.07,75.07,0.0,0.0,Normal,0,0,Clear,
2025-10-01,Wednesday,Breakfast,178,192,71.26,60.93,10.330000000000005,2.5,Event,0,0,Rainy,
2025-10-02,Thursday,Breakfast,185,191,83.28,74.37,8.909999999999997,3.64,Festival,0,0,Cloudy,
2025-10-02,Thursday,Lunch,259,271,106.34,103.52,2.8200000000000074,0.89,Normal,0,0,Clear,
2025-10-02,Thursday,Dinner,224,204,83.19,78.47,4.719999999999999,1.28,Event,0,0,Rainy,
2025-10-03,Friday,Breakfast,194,208,84.79,63.1,21.690000000000005,4.58,Festival,0,0,Cloudy,
2025-10-03,Friday,Lunch,248,265,105.51,97.8,7.710000000000008,1.87,Festival,0,0,Rainy,
2025-10-03,Friday,Dinner,219,232,83.02,83.02,0.0,0.0,Festival,0,0,Cloudy,
2025-10-04,Saturday,Breakfast,156,176,71.09,63.0,8.090000000000003,3.11,Festival,0,0,Cloudy,
2025-10-04,Saturday,Lunch,230,239,95.9,82.91,12.990000000000009,5.46,Event,0,0,Cloudy,
2025-10-04,Saturday,Dinner,184,174,61.51,61.51,0.0,0.0,Festival,0,0,Rainy,
2025-10-05,Sunday,Breakfast,136,156,61.98,49.44,12.54,2.7,Festival,1,0,Cloudy,
2025-10-05,Sunday,Lunch,215,213,84.88,66.6,18.28,4.08,Event,0,0,Cloudy,
2025-10-05,Sunday,Dinner,194,191,72.11,62.21,9.899999999999999,4.18,Normal,1,0,Rainy,
2025-10-06,Monday,Lunch,250,263,114.72,87.92,26.799999999999997,6.04,Festival,0,0,Clear,Redistribution
2025-10-06,Monday,Dinner,229,235,100.35,76.09,24.25999999999999,8.06,Normal,0,0,Rainy,
2025-10-06,Monday,Breakfast,188,177,73.62,59.64,13.980000000000004,3.53,Normal,0,0,Rainy,
2025-10-07,Tuesday,Breakfast,183,185,65.76,60.39,5.3700000000000045,2.39,Normal,0,0,Clear,
2025-10-07,Tuesday,Lunch,257,267,101.5,100.02,1.480000000000004,0.63,Normal,0,0,Rainy,
2025-10-07,Tuesday,Dinner,226,230,91.42,72.34,19.08,8.8,Event,0,0,Clear,
2025-10-08,Wednesday,Breakfast,177,177,78.97,65.19,13.780000000000001,2.93,Festival,0,0,Rainy,
2025-10-08,Wednesday,Lunch,275,282,115.92,102.99,12.930000000000007,3.64,Event,0,0,Cloudy,
2025-10-08,Wednesday,Dinner,213,230,89.5,86.78,2.719999999999999,1.15,Festival,1,0,Rainy,
2025-10-09,Thursday,Lunch,266,246,106.56,74.09,32.47,7.44,Festival,0,0,Clear,Redistribution
2025-10-09,Thursday,Breakfast,189,181,72.76,66.57,6.190000000000012,3.08,Festival,0,0,Cloudy,
2025-10-09,Thursday,Dinner,212,210,78.79,63.71,15.080000000000005,5.82,Festival,0,0,Clear,
2025-10-10,Friday,Breakfast,195,213,88.14,78.98,9.159999999999997,2.16,Normal,0,0,Rainy,
2025-10-10,Friday,Lunch,266,282,121.35,89.81,31.539999999999992,7.36,Event,0,0,Clear,Redistribution
2025-10-10,Friday,Dinner,226,210,86.91,82.38,4.530000000000001,1.28,Festival,0,0,Cloudy,
2025-10-11,Saturday,Lunch,223,219,80.55,67.22,13.329999999999998,6.58,Festival,0,0,Clear,
2025-10-11,Saturday,Dinner,180,191,68.92,67.63,1.2900000000000063,0.43,Festival,0,0,Rainy,
2025-10-11,Saturday,Breakfast,143,133,56.93,43.59,13.339999999999996,2.92,Event,0,0,Cloudy,
2025-10-12,Sunday,Lunch,239,247,86.91,86.39,0.519999999999996,0.21,Normal,0,0,Clear,
2025-10-12,Sunday,Dinner,183,172,72.24,67.16,5.079999999999998,1.89,Festival,0,0,Rainy,
2025-10-12,Sunday,Breakfast,164,172,72.5,53.38,19.119999999999997,4.24,Festival,0,0,Rainy,
2025-10-13,Monday,Breakfast,180,187,73.0,69.71,3.2900000000000063,1.46,Festival,0,0,Clear,
2025-10-13,Monday,Lunch,245,249,110.91,95.07,15.840000000000003,5.46,Festival,0,0,Rainy,
2025-10-13,Monday,Dinner,215,214,83.47,77.73,5.739999999999995,2.8,Event,1,0,Clear,
2025-10-14,Tuesday,Breakfast,192,193,69.1,66.77,2.3299999999999983,1.0,Normal,0,0,Rainy,
2025-10-14,Tuesday,Lunch,262,244,109.01,89.32,19.690000000000012,5.7,Normal,0,0,Cloudy,
2025-10-14,Tuesday,Dinner,220,205,89.9,70.48,19.42,4.99,Normal,0,0,Clear,
2025-10-15,Wednesday,Dinner,208,201,86.57,73.71,12.86,4.34,Festival,0,0,Rainy,
2025-10-15,Wednesday,Lunch,262,270,120.6,81.44,39.16,11.82,Festival,0,0,Cloudy,Redistribution
2025-10-15,Wednesday,Breakfast,188,205,76.64,69.47,7.170000000000002,3.14,Event,0,0,Rainy,
2025-10-16,Thursday,Breakfast,188,205,76.53,62.98,13.550000000000004,5.7,Festival,0,0,Cloudy,
2025-10-16,Thursday,Lunch,260,279,98.93,98.93,0.0,0.0,Festival,0,0,Clear,
2025-10-16,Thursday,Dinner,233,232,100.24,71.86,28.379999999999995,10.88,Normal,0,0,Rainy,Reduced Preparation
2025-10-17,Friday,Breakfast,180,198,85.12,63.77,21.35,9.43,Event,0,0,Cloudy,
2025-10-17,Friday,Lunch,255,242,108.32,86.54,21.779999999999987,5.25,Normal,1,0,Clear,
2025-10-17,Friday,Dinner,210,211,75.18,69.08,6.1000000000000085,2.61,Festival,0,0,Clear,
2025-10-18,Saturday,Dinner,203,201,78.72,76.53,2.1899999999999977,0.94,Normal,0,0,Rainy,
2025-10-18,Saturday,Lunch,227,217,76.29,75.67,0.6200000000000045,0.13,Normal,1,0,Clear,
2025-10-18,Saturday,Breakfast,152,142,55.93,55.74,0.18999999999999773,0.04,Festival,1,0,Clear,
2025-10-19,Sunday,Breakfast,139,159,59.96,54.86,5.100000000000001,1.39,Festival,0,0,Clear,
2025-10-19,Sunday,Lunch,234,225,94.89,81.27,13.620000000000005,3.08,Event,0,0,Cloudy,
2025-10-19,Sunday,Dinner,175,190,70.98,59.23,11.750000000000007,4.22,Festival,0,0,Clear,
2025-10-20,Monday,Breakfast,192,206,82.56,71.36,11.200000000000003,4.34,Event,0,0,Clear,
2025-10-20,Monday,Lunch,251,238,102.26,87.71,14.550000000000011,7.14,Event,0,0,Cloudy,
2025-10-20,Monday,Dinner,210,192,68.24,64.59,3.6499999999999915,0.96,Event,1,0,Cloudy,
2025-10-21,Tuesday,Breakfast,190,199,70.51,70.51,0.0,0.0,Normal,0,0,Clear,
2025-10-21,Tuesday,Lunch,260,272,98.36,98.36,0.0,0.0,Festival,0,0,Rainy,
2025-10-21,Tuesday,Dinner,218,210,89.19,81.87,7.319999999999993,1.97,Event,0,0,Clear,
2025-10-22,Wednesday,Dinner,217,220,80.0,80.0,0.0,0.0,Normal,0,0,Cloudy,
2025-10-22,Wednesday,Breakfast,168,163,69.08,63.08,6.0,1.87,Normal,0,0,Clear,
2025-10-22,Wednesday,Lunch,263,274,97.39,94.14,3.25,0.86,Event,0,0,Rainy,
2025-10-23,Thursday,Lunch,250,251,93.37,82.71,10.66000000000001,2.63,Festival,0,0,Rainy,
2025-10-23,Thursday,Dinner,223,238,103.65,73.46,30.190000000000012,13.8,Normal,1,0,Cloudy,Redistribution
2025-10-23,Thursday,Breakfast,169,151,63.3,46.2,17.099999999999994,4.12,Event,0,0,Cloudy,
2025-10-24,Friday,Dinner,206,188,84.44,70.19,14.25,5.0,Festival,0,0,Cloudy,
2025-10-24,Friday,Lunch,258,275,102.37,102.37,0.0,0.0,Normal,0,0,Rainy,
2025-10-24,Friday,Breakfast,191,200,75.58,74.6,0.980000000000004,0.41,Normal,0,0,Clear,
2025-10-25,Saturday,Breakfast,150,136,53.75,44.07,9.68,3.56,Festival,0,0,Clear,
2025-10-25,Saturday,Lunch,245,238,86.46,78.44,8.019999999999996,3.16,Normal,0,0,Clear,
2025-10-25,Saturday,Dinner,196,195,71.41,67.46,3.950000000000003,1.47,Normal,0,0,Rainy,
2025-10-26,Sunday,Breakfast,149,137,59.93,46.65,13.280000000000001,5.8,Festival,0,0,Cloudy,
2025-10-26,Sunday,Lunch,237,257,89.99,89.99,0.0,0.0,Event,1,0,Rainy,
2025-10-26,Sunday,Dinner,176,174,68.31,56.89,11.420000000000002,5.52,Festival,0,0,Rainy,
2025-10-27,Monday,Breakfast,190,175,72.11,58.37,13.740000000000002,6.59,Festival,0,0,Rainy,
2025-10-27,Monday,Lunch,273,256,92.44,86.16,6.280000000000001,2.42,Event,0,0,Cloudy,
2025-10-27,Monday,Dinner,225,240,100.92,85.46,15.460000000000008,6.68,Event,0,0,Clear,
2025-10-28,Tuesday,Breakfast,182,169,70.12,63.16,6.960000000000008,2.96,Normal,0,0,Rainy,
2025-10-28,Tuesday,Lunch,255,257,113.03,90.04,22.989999999999995,7.51,Normal,0,0,Clear,
2025-10-28,Tuesday,Dinner,216,224,89.29,79.0,10.290000000000006,2.44,Festival,1,0,Rainy,
2025-10-29,Wednesday,Lunch,273,282,101.16,95.62,5.539999999999992,1.41,Normal,0,0,Clear,
2025-10-29,Wednesday,Dinner,213,200,83.94,69.93,14.009999999999991,6.48,Festival,0,0,Rainy,
2025-10-29,Wednesday,Breakfast,193,191,75.48,64.33,11.150000000000006,4.48,Normal,0,0,Rainy,
2025-10-30,Thursday,Breakfast,174,180,80.45,63.75,16.700000000000003,4.0,Event,0,0,Cloudy,
2025-10-30,Thursday,Lunch,268,249,94.41,76.27,18.14,8.37,Festival,0,0,Clear,
2025-10-30,Thursday,Dinner,218,235,90.31,85.68,4.6299999999999955,1.38,Festival,1,0,Rainy,
2025-10-31,Friday,Breakfast,191,206,81.27,68.06,13.209999999999994,3.16,Normal,0,0,Cloudy,
2025-10-31,Friday,Lunch,252,262,101.44,86.15,15.289999999999992,6.94,Event,0,0,Clear,
2025-10-31,Friday,Dinner,219,209,86.08,66.06,20.019999999999996,7.22,Normal,0,0,Clear,
2025-11-01,Saturday,Lunch,220,213,86.53,64.64,21.89,6.46,Normal,0,1,Cloudy,
2025-11-01,Saturday,Breakfast,140,135,48.83,48.83,0.0,0.0,Event,0,1,Cloudy,
2025-11-01,Saturday,Dinner,189,203,90.85,71.73,19.11999999999999,4.52,Event,0,1,Clear,
2025-11-02,Sunday,Breakfast,159,148,65.83,58.13,7.699999999999996,1.9,Festival,1,1,Rainy,
2025-11-02,Sunday,Lunch,225,223,88.62,73.36,15.260000000000005,7.37,Festival,0,1,Rainy,
2025-11-02,Sunday,Dinner,200,216,91.34,84.72,6.6200000000000045,2.0,Festival,0,1,Clear,
2025-11-03,Monday,Lunch,259,261,93.76,79.74,14.02000000000001,5.5,Festival,0,1,Rainy,
2025-11-03,Monday,Dinner,230,227,83.89,70.0,13.89,6.32,Festival,0,1,Rainy,
2025-11-03,Monday,Breakfast,193,175,63.69,62.14,1.5499999999999972,0.45,Festival,0,1,Cloudy,
2025-11-04,Tuesday,Lunch,257,246,103.71,84.32,19.39,6.12,Event,0,1,Clear,
2025-11-04,Tuesday,Dinner,216,215,96.27,83.3,12.969999999999999,2.93,Event,0,1,Rainy,
2025-11-04,Tuesday,Breakfast,181,186,68.72,61.71,7.009999999999998,2.67,Festival,0,1,Clear,
2025-11-05,Wednesday,Breakfast,190,198,75.01,75.01,0.0,0.0,Festival,0,1,Cloudy,
2025-11-05,Wednesday,Lunch,249,266,109.01,83.62,25.39,7.39,Event,0,1,Rainy,Donation
2025-11-05,Wednesday,Dinner,229,233,83.61,79.44,4.170000000000002,1.98,Normal,1,1,Cloudy,
2025-11-06,Thursday,Breakfast,179,195,82.98,61.17,21.810000000000002,5.58,Event,1,1,Cloudy,
2025-11-06,Thursday,Lunch,260,242,104.61,79.91,24.700000000000003,9.28,Festival,0,1,Cloudy,
2025-11-06,Thursday,Dinner,212,193,82.82,60.87,21.949999999999996,6.37,Festival,0,1,Rainy,
2025-11-07,Friday,Dinner,223,230,100.47,83.44,17.03,5.84,Normal,0,1,Rainy,
2025-11-07,Friday,Lunch,269,266,106.22,105.62,0.5999999999999943,0.23,Festival,0,1,Cloudy,
2025-11-07,Friday,Breakfast,168,166,65.02,57.97,7.049999999999997,2.87,Normal,0,1,Clear,
2025-11-08,Saturday,Breakfast,151,167,58.74,54.43,4.310000000000002,1.61,Event,0,1,Clear,
2025-11-08,Saturday,Lunch,243,231,89.11,70.52,18.590000000000003,5.73,Event,0,1,Rainy,
2025-11-08,Saturday,Dinner,184,182,73.34,71.64,1.7000000000000028,0.6,Normal,0,1,Rainy,
2025-11-09,Sunday,Breakfast,154,144,58.23,55.76,2.469999999999999,1.11,Event,0,1,Rainy,
2025-11-09,Sunday,Lunch,236,239,85.94,85.56,0.37999999999999545,0.17,Normal,1,1,Clear,
2025-11-09,Sunday,Dinner,184,187,80.01,63.8,16.210000000000008,7.72,Normal,0,1,Clear,
2025-11-10,Monday,Dinner,208,196,86.7,68.2,18.5,5.43,Normal,0,1,Cloudy,
2025-11-10,Monday,Lunch,272,286,120.48,105.88,14.600000000000009,6.43,Event,0,1,Cloudy,
2025-11-10,Monday,Breakfast,169,181,67.35,57.71,9.639999999999993,4.52,Festival,1,1,Rainy,
2025-11-11,Tuesday,Breakfast,193,211,84.89,83.77,1.1200000000000045,0.28,Normal,0,1,Cloudy,
2025-11-11,Tuesday,Lunch,252,240,104.56,75.42,29.14,7.81,Normal,0,1,Clear,Reduced Preparation
2025-11-11,Tuesday,Dinner,218,205,73.34,73.34,0.0,0.0,Normal,0,1,Clear,
2025-11-12,Wednesday,Breakfast,166,178,72.86,61.75,11.11,5.25,Normal,0,1,Clear,
2025-11-12,Wednesday,Lunch,266,246,104.66,93.05,11.61,5.53,Festival,0,1,Clear,
2025-11-12,Wednesday,Dinner,210,212,74.82,66.69,8.129999999999995,3.45,Festival,0,1,Cloudy,
2025-11-13,Thursday,Breakfast,176,166,72.3,62.76,9.54,3.66,Festival,0,1,Rainy,
2025-11-13,Thursday,Lunch,248,265,112.98,93.51,19.47,8.07,Normal,1,1,Cloudy,
2025-11-13,Thursday,Dinner,205,191,84.5,74.88,9.620000000000005,4.38,Event,1,1,Cloudy,
2025-11-14,Friday,Dinner,209,220,93.77,81.5,12.269999999999996,4.5,Normal,0,1,Clear,
2025-11-14,Friday,Breakfast,170,178,74.29,55.31,18.980000000000004,8.55,Event,0,1,Cloudy,
2025-11-14,Friday,Lunch,261,255,99.64,95.92,3.719999999999999,1.1,Normal,1,1,Cloudy,
2025-11-15,Saturday,Lunch,232,238,90.22,90.22,0.0,0.0,Event,0,1,Clear,
2025-11-15,Saturday,Dinner,180,160,71.98,55.87,16.110000000000007,3.73,Festival,0,1,Cloudy,
2025-11-15,Saturday,Breakfast,150,137,53.22,47.36,5.859999999999999,2.47,Event,0,1,Rainy,
2025-11-16,Sunday,Dinner,198,209,78.97,77.61,1.3599999999999994,0.51,Festival,0,1,Cloudy,
2025-11-16,Sunday,Breakfast,138,127,49.46,46.93,2.530000000000001,1.25,Normal,0,1,Rainy,
2025-11-16,Sunday,Lunch,226,218,83.68,78.37,5.310000000000002,2.64,Normal,0,1,Clear,
2025-11-17,Monday,Breakfast,176,186,77.5,73.47,4.030000000000001,2.0,Event,0,1,Rainy,
2025-11-17,Monday,Lunch,269,278,100.3,90.37,9.929999999999993,3.47,Normal,0,1,Rainy,
2025-11-17,Monday,Dinner,208,191,82.71,66.81,15.899999999999991,3.31,Event,1,1,Clear,
2025-11-18,Tuesday,Breakfast,186,186,67.94,67.37,0.5699999999999932,0.13,Festival,1,1,Clear,
2025-11-18,Tuesday,Lunch,269,280,120.2,89.65,30.549999999999997,12.18,Festival,0,1,Cloudy,Donation
2025-11-18,Tuesday,Dinner,215,229,92.67,90.51,2.1599999999999966,0.45,Normal,0,1,Cloudy,
2025-11-19,Wednesday,Breakfast,179,179,77.92,61.62,16.300000000000004,3.43,Festival,0,1,Clear,
2025-11-19,Wednesday,Lunch,273,263,104.98,82.44,22.540000000000006,9.35,Normal,1,1,Cloudy,
2025-11-19,Wednesday,Dinner,226,237,98.59,87.34,11.25,4.18,Festival,0,1,Cloudy,
2025-11-20,Thursday,Breakfast,181,164,63.82,57.31,6.509999999999998,3.2,Festival,0,1,Rainy,
2025-11-20,Thursday,Lunch,269,267,102.01,80.85,21.16000000000001,4.52,Event,1,1,Cloudy,
2025-11-20,Thursday,Dinner,205,225,86.43,69.69,16.74000000000001,5.08,Event,0,1,Cloudy,
2025-11-21,Friday,Lunch,248,249,91.38,88.11,3.269999999999996,0.69,Event,1,1,Rainy,
2025-11-21,Friday,Dinner,221,227,85.5,83.9,1.5999999999999943,0.6,Event,1,1,Cloudy,
2025-11-21,Friday,Breakfast,166,161,60.34,58.73,1.6100000000000065,0.61,Normal,0,1,Rainy,
2025-11-22,Saturday,Breakfast,147,147,59.87,55.98,3.8900000000000006,0.89,Normal,0,1,Rainy,
2025-11-22,Saturday,Lunch,230,242,104.34,88.75,15.590000000000003,3.9,Event,0,1,Cloudy,
2025-11-22,Saturday,Dinner,181,192,79.4,76.3,3.1000000000000085,0.69,Normal,0,1,Rainy,
2025-11-23,Sunday,Breakfast,143,126,47.85,45.03,2.8200000000000003,1.24,Festival,0,1,Rainy,
2025-11-23,Sunday,Lunch,237,254,91.31,84.76,6.549999999999997,1.44,Event,0,1,Rainy,
2025-11-23,Sunday,Dinner,181,183,78.61,66.82,11.790000000000006,3.42,Event,1,1,Cloudy,
2025-11-24,Monday,Lunch,273,254,104.85,89.31,15.539999999999992,3.98,Normal,0,1,Cloudy,
2025-11-24,Monday,Breakfast,175,167,65.37,54.3,11.070000000000007,3.93,Festival,0,1,Rainy,
2025-11-24,Monday,Dinner,213,233,93.96,84.22,9.739999999999995,4.2,Festival,0,1,Cloudy,
2025-11-25,Tuesday,Breakfast,181,173,66.85,54.46,12.389999999999993,3.04,Event,0,1,Rainy,
2025-11-25,Tuesday,Lunch,258,258,112.49,100.91,11.579999999999998,4.52,Event,0,1,Cloudy,
2025-11-25,Tuesday,Dinner,225,215,80.76,77.43,3.3299999999999983,1.07,Normal,0,1,Clear,
2025-11-26,Wednesday,Lunch,251,241,90.92,73.0,17.92,7.83,Festival,1,1,Cloudy,
2025-11-26,Wednesday,Dinner,210,192,85.7,66.93,18.769999999999996,3.87,Event,1,1,Clear,
2025-11-26,Wednesday,Breakfast,165,160,68.75,52.97,15.780000000000001,5.46,Event,0,1,Cloudy,
2025-11-27,Thursday,Dinner,235,248,93.04,93.04,0.0,0.0,Event,0,1,Clear,
2025-11-27,Thursday,Lunch,275,263,98.26,93.92,4.340000000000003,1.52,Festival,1,1,Clear,
2025-11-27,Thursday,Breakfast,174,158,69.53,53.83,15.700000000000003,4.85,Normal,0,1,Rainy,
2025-11-28,Friday,Breakfast,191,208,88.13,79.16,8.969999999999999,3.8,Normal,0,1,Cloudy,
2025-11-28,Friday,Lunch,248,239,88.77,78.26,10.509999999999991,3.39,Normal,0,1,Rainy,
2025-11-28,Friday,Dinner,222,225,94.49,70.04,24.44999999999999,8.89,Festival,0,1,Cloudy,
2025-11-29,Saturday,Breakfast,165,162,70.95,63.78,7.170000000000002,2.21,Event,0,1,Rainy,
2025-11-29,Saturday,Lunch,215,233,82.36,82.36,0.0,0.0,Festival,0,1,Clear,
2025-11-29,Saturday,Dinner,183,198,76.92,72.05,4.8700000000000045,2.0,Normal,1,1,Rainy,
2025-11-30,Sunday,Breakfast,162,157,68.42,53.2,15.219999999999999,7.2,Event,0,1,Cloudy,
2025-11-30,Sunday,Lunch,217,212,80.51,80.51,0.0,0.0,Festival,0,1,Cloudy,
2025-11-30,Sunday,Dinner,203,209,89.65,68.43,21.22,4.75,Event,0,1,Cloudy,
2025-12-01,Monday,Breakfast,194,195,82.24,75.6,6.640000000000001,2.96,Festival,0,1,Clear,
2025-12-01,Monday,Lunch,261,245,94.37,88.25,6.1200000000000045,2.72,Event,0,1,Rainy,
2025-12-01,Monday,Dinner,227,208,88.65,75.74,12.91000000000001,3.29,Festival,0,1,Cloudy,
2025-12-02,Tuesday,Lunch,261,249,108.24,91.78,16.459999999999994,7.21,Event,0,1,Cloudy,
2025-12-02,Tuesday,Dinner,232,220,82.73,81.12,1.6099999999999994,0.72,Normal,0,1,Cloudy,
2025-12-02,Tuesday,Breakfast,165,170,62.9,56.19,6.710000000000001,2.5,Normal,0,1,Clear,
2025-12-03,Wednesday,Breakfast,178,181,66.64,66.64,0.0,0.0,Normal,0,1,Rainy,
2025-12-03,Wednesday,Lunch,275,256,113.23,93.37,19.86,7.71,Event,0,1,Clear,
2025-12-03,Wednesday,Dinner,213,203,72.06,72.06,0.0,0.0,Normal,0,1,Clear,
2025-12-04,Thursday,Breakfast,170,186,67.28,67.28,0.0,0.0,Festival,0,1,Cloudy,
2025-12-04,Thursday,Lunch,248,242,101.97,77.21,24.760000000000005,11.35,Event,0,1,Cloudy,
2025-12-04,Thursday,Dinner,217,205,80.59,65.74,14.850000000000009,3.93,Festival,0,1,Cloudy,
2025-12-05,Friday,Lunch,259,254,98.29,93.58,4.710000000000008,1.59,Event,0,1,Clear,
2025-12-05,Friday,Breakfast,178,169,66.05,53.17,12.879999999999995,3.7,Normal,1,1,Cloudy,
2025-12-05,Friday,Dinner,232,232,103.81,78.82,24.99000000000001,6.59,Festival,0,1,Cloudy,
2025-12-06,Saturday,Breakfast,158,176,66.11,54.48,11.630000000000003,2.53,Normal,0,1,Cloudy,
2025-12-06,Saturday,Lunch,244,246,110.62,96.91,13.710000000000008,6.72,Festival,0,1,Rainy,
2025-12-06,Saturday,Dinner,175,171,68.48,57.81,10.670000000000002,5.26,Event,0,1,Rainy,
2025-12-07,Sunday,Lunch,219,204,77.87,72.02,5.8500000000000085,1.42,Event,0,1,Clear,
2025-12-07,Sunday,Dinner,179,190,83.06,72.86,10.200000000000003,4.33,Event,0,1,Cloudy,
2025-12-07,Sunday,Breakfast,165,180,63.74,57.23,6.510000000000005,1.63,Event,0,1,Cloudy,
2025-12-08,Monday,Dinner,213,203,85.38,69.76,15.61999999999999,7.79,Normal,0,1,Cloudy,
2025-12-08,Monday,Breakfast,184,180,72.31,61.84,10.469999999999999,2.61,Event,0,1,Rainy,
2025-12-08,Monday,Lunch,262,282,121.21,86.1,35.11,8.59,Normal,0,1,Clear,Redistribution
2025-12-09,Tuesday,Breakfast,176,191,76.12,66.72,9.400000000000006,4.27,Normal,0,1,Clear,
2025-12-09,Tuesday,Lunch,247,240,104.84,76.34,28.5,7.14,Event,1,1,Rainy,Donation
2025-12-09,Tuesday,Dinner,223,216,88.2,85.79,2.4099999999999966,0.86,Normal,0,1,Rainy,
2025-12-10,Wednesday,Breakfast,194,178,66.68,62.27,4.410000000000004,1.01,Normal,0,1,Cloudy,
2025-12-10,Wednesday,Lunch,266,253,98.52,90.84,7.679999999999993,3.73,Normal,0,1,Cloudy,
2025-12-10,Wednesday,Dinner,207,216,93.54,79.05,14.490000000000009,4.87,Festival,0,1,Cloudy,
2025-12-11,Thursday,Breakfast,175,157,65.25,62.03,3.219999999999999,0.96,Festival,1,1,Rainy,
2025-12-11,Thursday,Lunch,249,242,105.59,92.0,13.590000000000003,3.87,Festival,0,1,Clear,
2025-12-11,Thursday,Dinner,222,240,93.15,81.57,11.580000000000013,2.93,Normal,0,1,Cloudy,
2025-12-12,Friday,Breakfast,192,185,67.76,67.76,0.0,0.0,Normal,0,1,Rainy,
2025-12-12,Friday,Lunch,254,265,113.98,99.0,14.980000000000004,7.14,Festival,0,1,Rainy,
2025-12-12,Friday,Dinner,216,202,87.51,70.96,16.55000000000001,5.74,Event,0,1,Cloudy,
2025-12-13,Saturday,Lunch,235,242,86.95,85.02,1.9300000000000068,0.95,Normal,0,1,Rainy,
2025-12-13,Saturday,Dinner,204,215,86.59,78.42,8.170000000000002,1.84,Event,0,1,Cloudy,
2025-12-13,Saturday,Breakfast,153,171,67.08,64.24,2.8400000000000034,1.26,Normal,0,1,Rainy,
2025-12-14,Sunday,Breakfast,164,174,66.13,66.13,0.0,0.0,Normal,1,1,Cloudy,
2025-12-14,Sunday,Lunch,228,226,91.95,80.25,11.700000000000003,5.56,Normal,1,1,Rainy,
2025-12-14,Sunday,Dinner,188,194,69.73,69.73,0.0,0.0,Event,0,1,Cloudy,
2025-12-15,Monday,Breakfast,183,168,71.71,50.67,21.039999999999992,8.88,Normal,0,1,Cloudy,
2025-12-15,Monday,Lunch,271,276,97.85,94.29,3.559999999999988,1.46,Festival,0,1,Cloudy,
2025-12-15,Monday,Dinner,229,237,97.73,77.38,20.35000000000001,9.97,Normal,0,1,Clear,
2025-12-16,Tuesday,Lunch,248,228,83.72,79.28,4.439999999999998,1.81,Festival,1,1,Rainy,
2025-12-16,Tuesday,Breakfast,167,185,69.55,67.96,1.5900000000000034,0.52,Normal,0,1,Clear,
2025-12-16,Tuesday,Dinner,228,239,90.89,90.89,0.0,0.0,Festival,0,1,Rainy,
2025-12-17,Wednesday,Breakfast,190,189,67.81,59.25,8.560000000000002,2.2,Festival,0,1,Clear,
2025-12-17,Wednesday,Lunch,272,253,93.84,92.31,1.5300000000000011,0.61,Festival,1,1,Cloudy,
2025-12-17,Wednesday,Dinner,211,196,74.5,67.88,6.6200000000000045,2.26,Normal,0,1,Clear,
2025-12-18,Thursday,Lunch,252,244,92.59,92.59,0.0,0.0,Normal,0,1,Cloudy,
2025-12-18,Thursday,Dinner,225,232,103.92,89.29,14.629999999999995,6.16,Festival,1,1,Rainy,
2025-12-18,Thursday,Breakfast,193,182,77.15,62.7,14.450000000000003,4.99,Event,1,1,Clear,
2025-12-19,Friday,Dinner,233,243,87.89,87.89,0.0,0.0,Festival,0,1,Cloudy,
2025-12-19,Friday,Breakfast,174,156,62.2,54.38,7.82,2.95,Festival,0,1,Rainy,
2025-12-19,Friday,Lunch,252,235,94.67,80.42,14.25,4.2,Event,0,1,Clear,
2025-12-20,Saturday,Breakfast,135,125,47.35,39.9,7.450000000000003,2.26,Festival,0,1,Clear,
2025-12-20,Saturday,Lunch,233,234,103.47,90.17,13.299999999999997,5.51,Normal,0,1,Cloudy,
2025-12-20,Saturday,Dinner,198,202,90.09,77.43,12.659999999999997,5.09,Event,0,1,Rainy,
2025-12-21,Sunday,Breakfast,160,150,61.83,49.24,12.589999999999996,5.35,Event,0,1,Rainy,
2025-12-21,Sunday,Lunch,220,212,77.51,74.03,3.480000000000004,1.52,Event,0,1,Cloudy,
2025-12-21,Sunday,Dinner,181,196,69.52,59.16,10.36,4.81,Festival,0,1,Cloudy,
2025-12-22,Monday,Breakfast,170,182,64.28,55.76,8.520000000000003,2.81,Normal,0,1,Rainy,
2025-12-22,Monday,Lunch,262,256,102.05,102.05,0.0,0.0,Festival,0,1,Clear,
2025-12-22,Monday,Dinner,233,222,96.65,86.0,10.650000000000006,4.06,Festival,0,1,Clear,
2025-12-23,Tuesday,Dinner,210,208,87.53,78.25,9.280000000000001,3.24,Normal,0,1,Clear,
2025-12-23,Tuesday,Breakfast,194,202,86.84,80.05,6.790000000000006,2.9,Festival,1,1,Clear,
2025-12-23,Tuesday,Lunch,270,256,110.68,77.87,32.81,7.6,Normal,0,1,Rainy,Redistribution
2025-12-24,Wednesday,Dinner,209,222,87.06,71.67,15.39,6.78,Event,0,1,Cloudy,
2025-12-24,Wednesday,Breakfast,175,163,59.05,52.19,6.859999999999999,3.37,Normal,0,1,Clear,
2025-12-24,Wednesday,Lunch,255,253,101.33,78.06,23.269999999999996,7.25,Event,0,1,Cloudy,
2025-12-25,Thursday,Breakfast,195,208,89.33,69.92,19.409999999999997,4.05,Normal,1,1,Clear,
2025-12-25,Thursday,Lunch,275,259,92.85,85.85,7.0,3.46,Event,0,1,Clear,
2025-12-25,Thursday,Dinner,217,199,82.79,72.47,10.320000000000007,4.86,Festival,1,1,Clear,
2025-12-26,Friday,Breakfast,174,180,70.24,66.26,3.9799999999999898,1.46,Festival,0,1,Cloudy,
2025-12-26,Friday,Lunch,274,276,96.82,90.52,6.299999999999997,2.26,Festival,0,1,Clear,
2025-12-26,Friday,Dinner,219,212,93.02,76.84,16.179999999999993,6.24,Festival,0,1,Cloudy,
2025-12-27,Saturday,Lunch,238,226,90.86,80.02,10.840000000000003,2.86,Festival,0,1,Rainy,
2025-12-27,Saturday,Breakfast,163,168,71.83,65.2,6.6299999999999955,1.49,Event,0,1,Rainy,
2025-12-27,Saturday,Dinner,191,192,81.74,60.67,21.069999999999993,4.39,Festival,0,1,Rainy,
2025-12-28,Sunday,Lunch,235,247,95.21,75.28,19.929999999999993,7.88,Event,0,1,Clear,
2025-12-28,Sunday,Breakfast,142,141,59.59,56.22,3.3700000000000045,0.79,Event,0,1,Clear,
2025-12-28,Sunday,Dinner,193,173,68.39,68.39,0.0,0.0,Festival,1,1,Rainy,
2025-12-29,Monday,Lunch,267,271,108.93,88.01,20.92,6.24,Normal,0,1,Rainy,
2025-12-29,Monday,Breakfast,192,210,78.41,69.28,9.129999999999995,3.65,Festival,0,1,Rainy,
2025-12-29,Monday,Dinner,219,205,74.75,70.23,4.519999999999996,1.47,Normal,0,1,Clear,
2025-12-30,Tuesday,Lunch,262,275,117.67,106.48,11.189999999999998,4.2,Event,0,1,Rainy,
2025-12-30,Tuesday,Breakfast,193,181,71.97,62.38,9.589999999999996,2.98,Event,1,1,Rainy,
2025-12-30,Tuesday,Dinner,227,238,100.71,81.32,19.39,4.83,Normal,0,1,Rainy,
2025-12-31,Wednesday,Lunch,259,269,95.03,84.92,10.11,3.72,Festival,0,1,Clear,
2025-12-31,Wednesday,Breakfast,187,196,71.14,71.14,0.0,0.0,Festival,0,1,Clear,
2025-12-31,Wednesday,Dinner,208,195,75.46,64.15,11.309999999999988,4.04,Event,0,1,Clear,
