day_number,month,meal,expected_attendance,event_type,holiday,exam_period,weather_condition,waste_quantity
2,1,Breakfast,185,Normal,1,0,Rainy,1.15
2,1,Lunch,247,Festival,0,0,Rainy,6.26
2,1,Dinner,222,Festival,0,0,Cloudy,3.59
3,1,Breakfast,190,Normal,0,0,Cloudy,6.11
3,1,Lunch,275,Festival,0,0,Cloudy,1.89
3,1,Dinner,230,Normal,1,0,Cloudy,7.23
4,1,Breakfast,174,Normal,0,0,Rainy,1.86
4,1,Lunch,266,Event,0,0,Clear,3.42
4,1,Dinner,219,Event,0,0,Rainy,8.58
5,1,Breakfast,155,Festival,1,0,Cloudy,3.88
5,1,Lunch,222,Event,0,0,Clear,3.38
5,1,Dinner,183,Normal,0,0,Cloudy,0.0
6,1,Breakfast,147,Event,1,0,Rainy,3.32
6,1,Lunch,228,Event,0,0,Rainy,8.32
6,1,Dinner,199,Event,1,0,Rainy,5.45
0,1,Dinner,219,Normal,1,0,Rainy,3.21
0,1,Lunch,266,Event,0,0,Cloudy,4.08
0,1,Breakfast,167,Normal,0,0,Rainy,0.0
1,1,Breakfast,194,Normal,0,0,Rainy,7.56
1,1,Lunch,256,Festival,0,0,Clear,2.3
1,1,Dinner,220,Normal,0,0,Cloudy,2.48
2,1,Breakfast,172,Festival,0,0,Clear,8.85
2,1,Lunch,266,Event,0,0,Rainy,12.68
2,1,Dinner,229,Event,1,0,Cloudy,7.22
3,1,Dinner,221,Festival,1,0,Rainy,2.29
3,1,Lunch,252,Event,0,0,Clear,0.0
3,1,Breakfast,179,Normal,1,0,Rainy,2.34
4,1,Breakfast,180,Festival,0,0,Clear,2.15
4,1,Lunch,256,Festival,0,0,Rainy,0.27
4,1,Dinner,206,Normal,1,0,Clear,2.1
5,1,Breakfast,149,Event,1,0,Clear,2.42
5,1,Lunch,218,Normal,0,0,Clear,2.51
5,1,Dinner,188,Event,0,0,Clear,1.09
6,1,Dinner,176,Normal,0,0,Rainy,0.0
6,1,Breakfast,147,Festival,1,0,Rainy,2.62
6,1,Lunch,236,Festival,1,0,Rainy,4.34
0,1,Breakfast,195,Normal,0,0,Rainy,3.09
0,1,Lunch,248,Festival,1,0,Cloudy,1.55
0,1,Dinner,223,Normal,0,0,Cloudy,5.26
1,1,Breakfast,177,Normal,0,0,Clear,4.24
1,1,Lunch,264,Normal,0,0,Cloudy,10.52
1,1,Dinner,233,Event,1,0,Rainy,7.3
2,1,Breakfast,190,Normal,0,0,Rainy,0.0
2,1,Lunch,253,Festival,0,0,Cloudy,3.83
2,1,Dinner,227,Event,0,0,Cloudy,0.44
3,1,Breakfast,167,Festival,0,0,Clear,2.43
3,1,Lunch,250,Festival,0,0,Clear,3.27
3,1,Dinner,222,Normal,0,0,Clear,3.75
4,1,Dinner,233,Festival,0,0,Cloudy,0.0
4,1,Lunch,273,Normal,0,0,Clear,9.65
4,1,Breakfast,176,Event,1,0,Clear,5.16
5,1,Breakfast,143,Normal,0,0,Cloudy,7.24
5,1,Lunch,241,Normal,0,0,Clear,0.34
5,1,Dinner,187,Festival,1,0,Cloudy,5.76
6,1,Breakfast,147,Normal,1,0,Cloudy,5.99
6,1,Lunch,245,Event,1,0,Cloudy,0.0
6,1,Dinner,191,Event,0,0,Rainy,1.52
0,1,Breakfast,181,Event,0,0,Clear,2.02
0,1,Lunch,247,Festival,0,0,Cloudy,2.71
0,1,Dinner,226,Event,0,0,Clear,1.1
1,1,Breakfast,186,Event,0,0,Clear,5.25
1,1,Lunch,251,Event,0,0,Cloudy,5.2
1,1,Dinner,221,Normal,0,0,Rainy,3.25
2,1,Lunch,252,Normal,0,0,Rainy,7.26
2,1,Dinner,218,Normal,0,0,Cloudy,2.68
2,1,Breakfast,181,Festival,0,0,Clear,10.01
3,1,Dinner,230,Festival,1,0,Cloudy,1.63
3,1,Lunch,270,Event,0,0,Clear,5.48
3,1,Breakfast,185,Normal,0,0,Cloudy,4.09
4,1,Breakfast,178,Event,0,0,Cloudy,6.96
4,1,Lunch,271,Event,0,0,Clear,0.0
4,1,Dinner,207,Normal,0,0,Clear,3.82
5,1,Breakfast,142,Event,1,0,Cloudy,1.56
5,1,Lunch,229,Festival,0,0,Rainy,0.0
5,1,Dinner,202,Event,1,0,Cloudy,5.82
6,1,Breakfast,158,Event,0,0,Cloudy,2.4
6,1,Lunch,215,Event,0,0,Clear,1.1
6,1,Dinner,194,Normal,0,0,Clear,1.02
0,1,Breakfast,169,Event,0,0,Cloudy,2.24
0,1,Lunch,269,Event,0,0,Clear,0.0
0,1,Dinner,228,Festival,0,0,Clear,0.0
1,1,Lunch,260,Normal,1,0,Cloudy,8.56
1,1,Dinner,224,Normal,0,0,Rainy,6.89
1,1,Breakfast,189,Normal,0,0,Clear,4.38
2,1,Breakfast,183,Festival,0,0,Rainy,0.76
2,1,Lunch,248,Normal,0,0,Rainy,4.38
2,1,Dinner,222,Event,0,0,Clear,9.86
3,1,Breakfast,178,Normal,1,0,Cloudy,2.29
3,1,Lunch,275,Event,1,0,Cloudy,2.31
3,1,Dinner,213,Normal,0,0,Cloudy,2.51
4,1,Lunch,251,Event,1,0,Rainy,11.24
4,1,Breakfast,183,Normal,0,0,Cloudy,5.85
4,1,Dinner,205,Festival,0,0,Cloudy,12.36
5,2,Breakfast,150,Festival,0,0,Cloudy,4.32
5,2,Lunch,224,Festival,0,0,Rainy,2.31
5,2,Dinner,186,Event,0,0,Clear,2.39
6,2,Lunch,238,Normal,0,0,Clear,6.92
6,2,Dinner,182,Normal,0,0,Cloudy,4.43
6,2,Breakfast,158,Event,0,0,Rainy,3.37
0,2,Lunch,263,Event,0,0,Clear,3.52
0,2,Dinner,208,Normal,0,0,Clear,6.17
0,2,Breakfast,182,Normal,0,0,Cloudy,8.88
1,2,Breakfast,190,Event,1,0,Rainy,7.71
1,2,Lunch,270,Event,1,0,Cloudy,1.97
1,2,Dinner,218,Normal,0,0,Clear,10.68
2,2,Breakfast,173,Event,0,0,Clear,1.7
2,2,Lunch,267,Festival,0,0,Cloudy,7.65
2,2,Dinner,226,Normal,0,0,Rainy,5.42
3,2,Dinner,227,Event,0,0,Cloudy,2.03
3,2,Lunch,250,Normal,0,0,Cloudy,3.21
3,2,Breakfast,168,Normal,0,0,Clear,2.93
4,2,Breakfast,184,Normal,0,0,Clear,4.14
4,2,Lunch,275,Festival,0,0,Cloudy,13.33
4,2,Dinner,220,Event,0,0,Rainy,1.4
5,2,Breakfast,137,Event,0,0,Clear,3.03
5,2,Lunch,237,Normal,0,0,Rainy,0.0
5,2,Dinner,177,Normal,1,0,Rainy,4.86
6,2,Dinner,178,Event,1,0,Clear,3.73
6,2,Lunch,239,Festival,0,0,Cloudy,1.64
6,2,Breakfast,149,Festival,0,0,Cloudy,0.21
0,2,Breakfast,165,Event,0,0,Clear,5.56
0,2,Lunch,265,Event,0,0,Cloudy,2.52
0,2,Dinner,220,Festival,0,0,Rainy,4.49
1,2,Breakfast,192,Event,0,0,Rainy,0.0
1,2,Lunch,254,Event,1,0,Clear,7.63
1,2,Dinner,220,Normal,0,0,Cloudy,0.48
2,2,Breakfast,183,Event,0,0,Rainy,0.0
2,2,Lunch,257,Event,0,0,Rainy,8.27
2,2,Dinner,232,Event,0,0,Clear,0.0
3,2,Dinner,232,Normal,0,0,Cloudy,4.48
3,2,Breakfast,167,Festival,0,0,Cloudy,6.96
3,2,Lunch,272,Festival,0,0,Cloudy,4.23
4,2,Lunch,273,Event,0,0,Cloudy,0.0
4,2,Dinner,212,Normal,1,0,Clear,1.32
4,2,Breakfast,178,Festival,0,0,Clear,2.1
5,2,Dinner,180,Event,0,0,Rainy,3.68
5,2,Lunch,235,Event,1,0,Cloudy,3.18
5,2,Breakfast,162,Normal,0,0,Clear,6.91
6,2,Breakfast,149,Event,1,0,Clear,1.61
6,2,Lunch,226,Event,0,0,Rainy,0.48
6,2,Dinner,175,Festival,0,0,Rainy,5.51
0,2,Breakfast,191,Festival,0,0,Clear,8.71
0,2,Lunch,264,Festival,0,0,Clear,4.72
0,2,Dinner,233,Event,0,0,Rainy,7.04
1,2,Breakfast,167,Event,1,0,Rainy,1.77
1,2,Lunch,261,Event,0,0,Cloudy,12.39
1,2,Dinner,219,Festival,0,0,Rainy,0.0
2,2,Breakfast,195,Normal,0,0,Rainy,0.32
2,2,Lunch,256,Festival,0,0,Clear,3.18
2,2,Dinner,220,Normal,0,0,Rainy,1.06
3,2,Lunch,254,Event,0,0,Cloudy,3.65
3,2,Dinner,226,Festival,0,0,Cloudy,1.05
3,2,Breakfast,185,Normal,0,0,Clear,6.93
4,2,Breakfast,191,Event,0,0,Rainy,1.01
4,2,Lunch,259,Event,1,0,Rainy,3.65
4,2,Dinner,233,Normal,0,0,Cloudy,3.28
5,2,Breakfast,155,Normal,1,0,Clear,8.21
5,2,Lunch,221,Event,0,0,Clear,5.98
5,2,Dinner,200,Festival,0,0,Clear,0.0
6,2,Lunch,225,Normal,0,0,Rainy,5.41
6,2,Breakfast,160,Normal,1,0,Cloudy,0.0
6,2,Dinner,190,Normal,1,0,Rainy,3.52
0,2,Breakfast,166,Event,0,0,Cloudy,0.59
0,2,Lunch,266,Event,1,0,Clear,0.45
0,2,Dinner,209,Event,0,0,Rainy,0.01
1,2,Lunch,268,Event,0,0,Cloudy,0.36
1,2,Dinner,228,Festival,0,0,Clear,2.96
1,2,Breakfast,184,Normal,1,0,Rainy,1.88
2,2,Lunch,262,Event,0,0,Clear,3.84
2,2,Dinner,232,Event,0,0,Rainy,7.59
2,2,Breakfast,167,Event,0,0,Rainy,4.31
3,2,Breakfast,168,Event,1,0,Clear,5.41
3,2,Lunch,256,Festival,1,0,Rainy,7.4
3,2,Dinner,226,Normal,0,0,Cloudy,0.0
4,2,Breakfast,173,Festival,0,0,Clear,4.68
4,2,Lunch,247,Normal,0,0,Rainy,1.45
4,2,Dinner,218,Festival,0,0,Rainy,4.45
5,3,Dinner,188,Event,0,0,Rainy,0.63
5,3,Lunch,236,Normal,0,0,Rainy,3.72
5,3,Breakfast,163,Event,0,0,Clear,0.0
6,3,Breakfast,142,Normal,0,0,Clear,5.49
6,3,Lunch,224,Event,1,0,Clear,0.9
6,3,Dinner,197,Event,0,0,Clear,1.41
0,3,Breakfast,178,Festival,0,0,Cloudy,4.12
0,3,Lunch,267,Normal,1,0,Cloudy,4.75
0,3,Dinner,219,Event,1,0,Rainy,0.0
1,3,Dinner,212,Normal,0,0,Rainy,3.39
1,3,Lunch,265,Festival,0,0,Cloudy,9.13
1,3,Breakfast,167,Normal,1,0,Clear,2.86
2,3,Breakfast,195,Festival,1,0,Cloudy,2.21
2,3,Lunch,265,Normal,0,0,Cloudy,16.29
2,3,Dinner,220,Festival,0,0,Cloudy,2.88
3,3,Breakfast,174,Festival,0,0,Clear,7.36
3,3,Lunch,264,Normal,0,0,Rainy,5.62
3,3,Dinner,234,Normal,0,0,Clear,7.11
4,3,Breakfast,168,Normal,0,0,Clear,9.31
4,3,Lunch,259,Event,0,0,Cloudy,7.33
4,3,Dinner,229,Normal,0,0,Cloudy,10.09
5,3,Dinner,179,Event,0,0,Rainy,8.14
5,3,Breakfast,152,Normal,0,0,Rainy,0.37
5,3,Lunch,217,Festival,0,0,Rainy,1.69
6,3,Lunch,220,Normal,0,0,Clear,0.41
6,3,Dinner,184,Normal,0,0,Rainy,3.35
6,3,Breakfast,156,Event,0,0,Clear,0.0
0,3,Dinner,229,Normal,0,0,Cloudy,5.74
0,3,Lunch,268,Festival,0,0,Cloudy,2.06
0,3,Breakfast,193,Festival,0,0,Rainy,1.34
1,3,Breakfast,186,Festival,1,0,Cloudy,5.88
1,3,Lunch,258,Normal,0,0,Cloudy,3.09
1,3,Dinner,232,Event,0,0,Clear,10.15
2,3,Breakfast,189,Normal,0,0,Cloudy,0.0
2,3,Lunch,271,Festival,0,0,Cloudy,4.11
2,3,Dinner,212,Festival,0,0,Clear,5.04
3,3,Breakfast,190,Normal,0,0,Rainy,2.82
3,3,Lunch,259,Festival,1,0,Clear,3.28
3,3,Dinner,221,Normal,0,0,Clear,2.14
4,3,Breakfast,185,Festival,0,0,Rainy,8.14
4,3,Lunch,265,Festival,0,0,Clear,2.84
4,3,Dinner,212,Normal,1,0,Cloudy,1.3
5,3,Lunch,226,Festival,0,0,Clear,4.35
5,3,Dinner,199,Event,0,0,Rainy,4.16
5,3,Breakfast,152,Normal,0,0,Cloudy,2.63
6,3,Breakfast,161,Normal,0,0,Clear,4.34
6,3,Lunch,216,Event,1,0,Cloudy,0.0
6,3,Dinner,187,Event,0,0,Cloudy,7.42
0,3,Breakfast,192,Festival,0,0,Cloudy,0.0
0,3,Lunch,273,Festival,0,0,Cloudy,7.36
0,3,Dinner,230,Festival,0,0,Clear,9.4
1,3,Lunch,250,Festival,0,0,Cloudy,9.62
1,3,Breakfast,175,Festival,0,0,Rainy,0.0
1,3,Dinner,213,Event,0,0,Rainy,2.76
2,3,Breakfast,181,Normal,0,0,Cloudy,8.56
2,3,Lunch,247,Normal,1,0,Rainy,6.95
2,3,Dinner,209,Normal,1,0,Rainy,10.02
3,3,Lunch,260,Festival,0,0,Cloudy,2.47
3,3,Dinner,211,Normal,0,0,Clear,0.0
3,3,Breakfast,176,Festival,0,0,Clear,4.73
4,3,Lunch,267,Festival,0,0,Clear,5.53
4,3,Dinner,230,Normal,0,0,Clear,5.38
4,3,Breakfast,179,Event,0,0,Rainy,3.67
5,3,Breakfast,135,Normal,1,0,Rainy,4.17
5,3,Lunch,243,Festival,0,0,Cloudy,1.59
5,3,Dinner,199,Normal,0,0,Rainy,12.6
6,3,Breakfast,156,Festival,0,0,Rainy,0.0
6,3,Lunch,239,Festival,0,0,Clear,0.11
6,3,Dinner,184,Event,0,0,Rainy,0.0
0,3,Dinner,228,Normal,0,0,Clear,0.0
0,3,Lunch,247,Festival,1,0,Clear,5.32
0,3,Breakfast,173,Festival,1,0,Cloudy,2.29
1,3,Breakfast,195,Festival,0,0,Rainy,4.34
1,3,Lunch,260,Festival,0,0,Clear,3.28
1,3,Dinner,214,Event,0,0,Cloudy,3.8
2,3,Breakfast,175,Event,0,0,Cloudy,0.0
2,3,Lunch,269,Event,0,0,Clear,6.74
2,3,Dinner,212,Event,0,0,Rainy,1.94
3,3,Dinner,235,Festival,0,0,Cloudy,1.79
3,3,Lunch,261,Festival,0,0,Cloudy,3.86
3,3,Breakfast,195,Normal,0,0,Clear,2.92
4,3,Breakfast,174,Festival,0,0,Cloudy,1.81
4,3,Lunch,269,Event,1,0,Clear,4.73
4,3,Dinner,214,Festival,1,0,Rainy,3.15
5,3,Breakfast,138,Festival,0,0,Cloudy,5.97
5,3,Lunch,239,Normal,0,0,Clear,1.52
5,3,Dinner,197,Normal,0,0,Rainy,3.8
6,3,Breakfast,164,Festival,0,0,Cloudy,3.0
6,3,Lunch,231,Event,0,0,Clear,2.28
6,3,Dinner,196,Festival,0,0,Rainy,7.2
0,3,Dinner,231,Event,0,0,Clear,0.0
0,3,Breakfast,184,Festival,0,0,Rainy,1.05
0,3,Lunch,268,Event,0,0,Rainy,8.91
1,4,Lunch,267,Festival,0,1,Cloudy,5.83
1,4,Dinner,215,Festival,0,1,Rainy,3.2
1,4,Breakfast,178,Event,0,1,Rainy,4.15
2,4,Dinner,214,Event,0,1,Cloudy,5.0
2,4,Breakfast,184,Event,0,1,Clear,3.18
2,4,Lunch,267,Festival,0,1,Rainy,6.27
3,4,Breakfast,174,Festival,0,1,Cloudy,0.35
3,4,Lunch,268,Festival,0,1,Rainy,0.0
3,4,Dinner,209,Festival,0,1,Rainy,2.81
4,4,Breakfast,185,Festival,0,1,Clear,1.03
4,4,Lunch,245,Event,0,1,Cloudy,13.59
4,4,Dinner,215,Normal,1,1,Rainy,1.15
5,4,Breakfast,158,Normal,0,1,Clear,8.05
5,4,Lunch,240,Normal,0,1,Cloudy,0.0
5,4,Dinner,184,Festival,1,1,Cloudy,1.05
6,4,Breakfast,151,Normal,0,1,Cloudy,7.14
6,4,Lunch,225,Festival,0,1,Clear,5.21
6,4,Dinner,200,Event,0,1,Rainy,1.55
0,4,Lunch,274,Event,0,1,Cloudy,1.11
0,4,Dinner,223,Festival,0,1,Clear,0.0
0,4,Breakfast,181,Event,0,1,Clear,0.0
1,4,Breakfast,179,Event,0,1,Rainy,0.0
1,4,Lunch,265,Normal,0,1,Cloudy,8.29
1,4,Dinner,228,Festival,0,1,Rainy,2.0
2,4,Breakfast,189,Event,1,1,Rainy,4.69
2,4,Lunch,267,Festival,0,1,Rainy,0.08
2,4,Dinner,223,Festival,0,1,Clear,2.72
3,4,Lunch,261,Festival,0,1,Cloudy,8.13
3,4,Breakfast,187,Event,0,1,Clear,0.61
3,4,Dinner,217,Event,0,1,Clear,4.54
4,4,Breakfast,187,Normal,0,1,Cloudy,7.85
4,4,Lunch,258,Event,0,1,Rainy,6.18
4,4,Dinner,233,Festival,1,1,Clear,0.23
5,4,Lunch,241,Festival,0,1,Rainy,2.08
5,4,Dinner,192,Normal,0,1,Cloudy,6.41
5,4,Breakfast,139,Festival,0,1,Clear,0.0
6,4,Dinner,187,Normal,1,1,Clear,4.63
6,4,Lunch,218,Normal,0,1,Clear,0.0
6,4,Breakfast,136,Normal,0,1,Clear,1.18
0,4,Breakfast,174,Festival,0,1,Rainy,2.9
0,4,Lunch,252,Event,0,1,Cloudy,3.49
0,4,Dinner,206,Festival,0,1,Rainy,5.95
1,4,Breakfast,182,Festival,0,1,Cloudy,1.54
1,4,Lunch,267,Event,0,1,Rainy,4.24
1,4,Dinner,232,Festival,0,1,Clear,0.93
2,4,Breakfast,195,Event,0,1,Clear,5.06
2,4,Lunch,274,Normal,0,1,Clear,14.77
2,4,Dinner,226,Festival,1,1,Rainy,1.43
3,4,Breakfast,171,Normal,0,1,Clear,0.0
3,4,Lunch,275,Festival,0,1,Rainy,6.12
3,4,Dinner,217,Festival,0,1,Rainy,1.84
4,4,Lunch,274,Festival,0,1,Clear,4.5
4,4,Dinner,205,Normal,0,1,Cloudy,3.92
4,4,Breakfast,174,Event,0,1,Rainy,0.0
5,4,Breakfast,145,Festival,0,1,Rainy,0.23
5,4,Lunch,223,Festival,0,1,Clear,6.7
5,4,Dinner,180,Festival,0,1,Rainy,5.84
6,4,Breakfast,151,Normal,0,1,Clear,7.49
6,4,Lunch,219,Event,0,1,Rainy,0.12
6,4,Dinner,176,Event,0,1,Rainy,1.88
0,4,Lunch,245,Normal,0,1,Clear,7.26
0,4,Breakfast,165,Festival,0,1,Cloudy,6.68
0,4,Dinner,221,Event,0,1,Cloudy,0.7
1,4,Breakfast,167,Normal,0,1,Rainy,4.64
1,4,Lunch,266,Event,0,1,Clear,3.17
1,4,Dinner,217,Event,0,1,Clear,3.23
2,4,Lunch,251,Festival,1,1,Cloudy,5.51
2,4,Dinner,226,Festival,0,1,Clear,0.0
2,4,Breakfast,185,Normal,0,1,Rainy,0.88
3,4,Lunch,255,Normal,1,1,Rainy,14.35
3,4,Dinner,216,Festival,1,1,Rainy,1.62
3,4,Breakfast,189,Event,1,1,Rainy,8.09
4,4,Breakfast,177,Normal,0,1,Cloudy,2.26
4,4,Lunch,262,Festival,0,1,Clear,2.67
4,4,Dinner,230,Festival,0,1,Rainy,6.27
5,4,Breakfast,147,Event,0,1,Cloudy,5.46
5,4,Lunch,218,Event,0,1,Rainy,1.18
5,4,Dinner,175,Event,0,1,Cloudy,4.62
6,4,Breakfast,144,Festival,1,1,Clear,5.67
6,4,Lunch,220,Normal,0,1,Clear,2.52
6,4,Dinner,188,Normal,0,1,Cloudy,1.8
0,4,Breakfast,184,Event,1,1,Cloudy,3.48
0,4,Lunch,257,Festival,0,1,Rainy,5.88
0,4,Dinner,214,Event,0,1,Clear,3.0
1,4,Lunch,256,Festival,1,1,Clear,14.95
1,4,Dinner,235,Normal,0,1,Rainy,13.22
1,4,Breakfast,174,Event,0,1,Cloudy,2.2
2,4,Breakfast,180,Event,0,1,Rainy,5.95
2,4,Lunch,247,Festival,0,1,Rainy,8.26
2,4,Dinner,206,Normal,0,1,Clear,3.08
3,5,Breakfast,186,Festival,0,1,Rainy,0.37
3,5,Lunch,275,Normal,1,1,Cloudy,5.81
3,5,Dinner,221,Event,1,1,Cloudy,3.98
4,5,Lunch,248,Event,0,1,Rainy,5.21
4,5,Breakfast,187,Event,0,1,Cloudy,0.0
4,5,Dinner,220,Normal,0,1,Cloudy,1.47
5,5,Breakfast,135,Normal,1,1,Rainy,1.6
5,5,Lunch,220,Event,0,1,Clear,1.15
5,5,Dinner,180,Event,1,1,Clear,6.42
6,5,Lunch,218,Festival,0,1,Cloudy,2.82
6,5,Dinner,191,Event,0,1,Clear,2.85
6,5,Breakfast,148,Normal,1,1,Rainy,1.25
0,5,Dinner,221,Event,1,1,Clear,5.53
0,5,Lunch,247,Festival,0,1,Cloudy,3.17
0,5,Breakfast,192,Festival,1,1,Cloudy,2.51
1,5,Breakfast,187,Event,1,1,Cloudy,2.44
1,5,Lunch,246,Festival,1,1,Cloudy,6.2
1,5,Dinner,225,Event,0,1,Cloudy,4.07
2,5,Breakfast,167,Normal,1,1,Cloudy,0.0
2,5,Lunch,254,Festival,1,1,Cloudy,7.53
2,5,Dinner,208,Festival,0,1,Cloudy,0.0
3,5,Breakfast,189,Normal,0,1,Rainy,0.26
3,5,Lunch,272,Normal,0,1,Cloudy,6.8
3,5,Dinner,211,Normal,1,1,Cloudy,2.87
4,5,Breakfast,169,Event,1,1,Rainy,3.05
4,5,Lunch,262,Festival,0,1,Cloudy,0.86
4,5,Dinner,209,Festival,0,1,Clear,4.22
5,5,Lunch,219,Festival,0,1,Clear,3.71
5,5,Dinner,187,Event,0,1,Cloudy,5.12
5,5,Breakfast,142,Event,0,1,Rainy,2.15
6,5,Breakfast,153,Festival,0,1,Cloudy,1.58
6,5,Lunch,242,Event,0,1,Clear,9.95
6,5,Dinner,185,Event,0,1,Cloudy,1.76
0,5,Breakfast,166,Event,0,1,Clear,0.9
0,5,Lunch,245,Event,0,1,Rainy,0.08
0,5,Dinner,232,Festival,0,1,Rainy,1.2
1,5,Lunch,267,Festival,0,1,Clear,0.15
1,5,Breakfast,166,Festival,0,1,Cloudy,2.91
1,5,Dinner,205,Festival,0,1,Cloudy,3.48
2,5,Breakfast,180,Event,0,1,Clear,4.63
2,5,Lunch,273,Festival,0,1,Clear,0.0
2,5,Dinner,207,Festival,0,1,Cloudy,2.48
3,5,Lunch,249,Normal,0,1,Cloudy,8.14
3,5,Dinner,213,Festival,0,1,Cloudy,1.21
3,5,Breakfast,185,Normal,0,1,Clear,4.65
4,5,Lunch,270,Normal,1,1,Rainy,8.18
4,5,Dinner,233,Event,0,1,Rainy,2.82
4,5,Breakfast,192,Event,0,1,Cloudy,0.48
5,5,Dinner,195,Festival,1,1,Rainy,5.6
5,5,Lunch,215,Festival,0,1,Cloudy,0.0
5,5,Breakfast,152,Festival,0,1,Clear,1.9
6,5,Breakfast,154,Normal,1,1,Clear,2.36
6,5,Lunch,225,Normal,0,1,Rainy,2.94
6,5,Dinner,197,Event,0,1,Clear,1.7
0,5,Breakfast,179,Normal,0,1,Rainy,6.69
0,5,Lunch,245,Festival,0,1,Rainy,11.75
0,5,Dinner,210,Normal,0,1,Clear,0.0
1,5,Breakfast,190,Festival,0,1,Rainy,5.77
1,5,Lunch,260,Event,0,1,Clear,11.77
1,5,Dinner,229,Festival,0,1,Rainy,3.63
2,5,Breakfast,166,Normal,0,1,Clear,1.25
2,5,Lunch,262,Event,0,1,Cloudy,6.06
2,5,Dinner,223,Festival,0,1,Clear,0.0
3,5,Lunch,262,Festival,1,1,Cloudy,3.07
3,5,Dinner,212,Festival,1,1,Clear,0.0
3,5,Breakfast,195,Event,0,1,Cloudy,0.59
4,5,Breakfast,189,Event,0,1,Rainy,0.0
4,5,Lunch,275,Event,0,1,Rainy,0.0
4,5,Dinner,211,Festival,0,1,Clear,11.63
5,5,Breakfast,137,Event,0,1,Rainy,2.22
5,5,Lunch,238,Normal,1,1,Cloudy,5.02
5,5,Dinner,193,Event,0,1,Cloudy,0.0
6,5,Lunch,218,Festival,0,1,Clear,0.95
6,5,Breakfast,157,Normal,1,1,Clear,1.91
6,5,Dinner,205,Normal,0,1,Clear,4.41
0,5,Breakfast,191,Festival,0,1,Clear,0.0
0,5,Lunch,275,Normal,0,1,Clear,6.8
0,5,Dinner,232,Normal,0,1,Clear,2.77
1,5,Lunch,263,Normal,0,1,Clear,0.0
1,5,Dinner,230,Normal,0,1,Clear,0.0
1,5,Breakfast,165,Event,0,1,Cloudy,1.23
2,5,Dinner,206,Festival,0,1,Cloudy,5.67
2,5,Lunch,266,Event,0,1,Cloudy,3.2
2,5,Breakfast,166,Normal,0,1,Cloudy,6.45
3,5,Breakfast,166,Normal,1,1,Rainy,2.52
3,5,Lunch,270,Event,0,1,Rainy,5.46
3,5,Dinner,234,Festival,0,1,Cloudy,3.9
4,5,Breakfast,165,Normal,0,1,Rainy,0.0
4,5,Lunch,248,Normal,0,1,Rainy,9.63
4,5,Dinner,223,Normal,1,1,Clear,0.16
5,5,Breakfast,145,Festival,0,1,Rainy,8.36
5,5,Lunch,233,Event,0,1,Rainy,5.82
5,5,Dinner,190,Event,0,1,Rainy,1.63
6,6,Breakfast,145,Normal,0,0,Cloudy,3.89
6,6,Lunch,219,Event,0,0,Rainy,5.85
6,6,Dinner,197,Festival,0,0,Clear,4.49
0,6,Lunch,270,Festival,0,0,Cloudy,0.92
0,6,Dinner,209,Festival,0,0,Cloudy,2.71
0,6,Breakfast,190,Festival,1,0,Rainy,4.3
1,6,Breakfast,170,Festival,0,0,Rainy,0.07
1,6,Lunch,274,Normal,0,0,Cloudy,0.0
1,6,Dinner,231,Normal,0,0,Clear,4.56
2,6,Breakfast,176,Festival,0,0,Cloudy,2.09
2,6,Lunch,250,Event,1,0,Clear,5.72
2,6,Dinner,225,Normal,0,0,Cloudy,5.85
3,6,Lunch,275,Normal,0,0,Rainy,0.0
3,6,Breakfast,173,Normal,1,0,Rainy,2.01
3,6,Dinner,235,Normal,0,0,Cloudy,3.27
4,6,Breakfast,178,Event,0,0,Cloudy,2.66
4,6,Lunch,248,Event,0,0,Clear,2.75
4,6,Dinner,218,Normal,0,0,Clear,1.02
5,6,Lunch,230,Normal,0,0,Cloudy,10.69
5,6,Dinner,186,Event,1,0,Clear,4.1
5,6,Breakfast,141,Event,0,0,Clear,0.72
6,6,Lunch,239,Event,1,0,Rainy,5.39
6,6,Dinner,196,Festival,0,0,Cloudy,4.99
6,6,Breakfast,136,Festival,0,0,Cloudy,1.65
0,6,Breakfast,181,Normal,0,0,Rainy,4.77
0,6,Lunch,275,Normal,0,0,Clear,0.0
0,6,Dinner,218,Normal,1,0,Rainy,10.67
1,6,Breakfast,173,Festival,0,0,Cloudy,1.89
1,6,Lunch,262,Festival,1,0,Clear,10.42
1,6,Dinner,223,Festival,1,0,Rainy,6.76
2,6,Breakfast,194,Event,0,0,Rainy,4.95
2,6,Lunch,253,Event,0,0,Clear,5.12
2,6,Dinner,209,Festival,0,0,Cloudy,2.0
3,6,Breakfast,166,Event,0,0,Cloudy,1.9
3,6,Lunch,271,Normal,0,0,Clear,9.34
3,6,Dinner,228,Festival,0,0,Rainy,9.42
4,6,Lunch,261,Festival,0,0,Rainy,0.0
4,6,Dinner,210,Event,0,0,Clear,5.15
4,6,Breakfast,171,Event,0,0,Rainy,0.0
5,6,Breakfast,164,Event,0,0,Rainy,6.95
5,6,Lunch,236,Festival,1,0,Cloudy,1.83
5,6,Dinner,186,Normal,0,0,Rainy,0.0
6,6,Breakfast,135,Normal,0,0,Clear,0.0
6,6,Lunch,236,Normal,0,0,Rainy,1.7
6,6,Dinner,204,Festival,0,0,Cloudy,2.12
0,6,Lunch,254,Festival,0,0,Rainy,5.71
0,6,Breakfast,187,Normal,0,0,Cloudy,3.07
0,6,Dinner,222,Event,0,0,Clear,4.52
1,6,Breakfast,185,Event,0,0,Rainy,8.41
1,6,Lunch,249,Event,0,0,Rainy,4.23
1,6,Dinner,226,Event,0,0,Cloudy,6.05
2,6,Lunch,266,Festival,0,0,Cloudy,8.95
2,6,Dinner,232,Event,0,0,Clear,2.62
2,6,Breakfast,177,Festival,0,0,Cloudy,0.62
3,6,Dinner,223,Festival,1,0,Rainy,4.04
3,6,Lunch,252,Event,0,0,Cloudy,0.0
3,6,Breakfast,188,Event,0,0,Rainy,5.81
4,6,Breakfast,195,Event,1,0,Rainy,0.0
4,6,Lunch,254,Event,0,0,Clear,0.0
4,6,Dinner,223,Event,0,0,Clear,0.0
5,6,Breakfast,155,Normal,1,0,Clear,3.7
5,6,Lunch,239,Event,0,0,Rainy,1.17
5,6,Dinner,187,Festival,0,0,Clear,4.44
6,6,Breakfast,165,Festival,0,0,Clear,3.31
6,6,Lunch,235,Event,1,0,Clear,0.0
6,6,Dinner,193,Event,1,0,Cloudy,0.0
0,6,Breakfast,184,Event,0,0,Cloudy,0.0
0,6,Lunch,269,Normal,0,0,Clear,0.0
0,6,Dinner,228,Event,0,0,Clear,5.23
1,6,Lunch,265,Festival,0,0,Clear,3.55
1,6,Dinner,220,Festival,0,0,Cloudy,0.08
1,6,Breakfast,177,Festival,0,0,Clear,0.93
2,6,Breakfast,186,Festival,1,0,Clear,0.79
2,6,Lunch,248,Event,1,0,Clear,3.24
2,6,Dinner,211,Normal,0,0,Cloudy,4.1
3,6,Breakfast,175,Festival,0,0,Rainy,0.0
3,6,Lunch,249,Festival,0,0,Cloudy,11.76
3,6,Dinner,214,Event,0,0,Clear,4.58
4,6,Lunch,266,Festival,0,0,Cloudy,0.0
4,6,Breakfast,190,Normal,0,0,Clear,7.01
4,6,Dinner,216,Event,0,0,Cloudy,2.99
5,6,Breakfast,160,Festival,0,0,Rainy,1.37
5,6,Lunch,245,Festival,0,0,Rainy,0.0
5,6,Dinner,180,Festival,0,0,Rainy,2.16
6,6,Lunch,215,Event,1,0,Rainy,5.82
6,6,Dinner,191,Festival,0,0,Cloudy,0.0
6,6,Breakfast,150,Festival,0,0,Cloudy,0.69
0,6,Lunch,272,Event,0,0,Clear,12.73
0,6,Dinner,221,Event,0,0,Clear,6.43
0,6,Breakfast,169,Festival,0,0,Clear,2.92
1,7,Lunch,248,Festival,1,0,Clear,1.8
1,7,Dinner,225,Event,0,0,Cloudy,7.35
1,7,Breakfast,190,Event,0,0,Clear,0.63
2,7,Dinner,231,Normal,0,0,Rainy,10.49
2,7,Lunch,267,Normal,0,0,Clear,12.73
2,7,Breakfast,191,Festival,0,0,Rainy,2.46
3,7,Breakfast,180,Festival,0,0,Cloudy,3.14
3,7,Lunch,251,Festival,0,0,Clear,8.32
3,7,Dinner,208,Event,0,0,Clear,0.0
4,7,Breakfast,186,Festival,0,0,Rainy,9.38
4,7,Lunch,274,Festival,1,0,Clear,8.48
4,7,Dinner,210,Festival,0,0,Cloudy,0.0
5,7,Breakfast,148,Event,0,0,Cloudy,3.06
5,7,Lunch,240,Event,1,0,Rainy,0.38
5,7,Dinner,202,Normal,1,0,Clear,2.18
6,7,Breakfast,157,Festival,0,0,Rainy,0.99
6,7,Lunch,231,Festival,0,0,Cloudy,5.01
6,7,Dinner,193,Event,0,0,Rainy,6.16
0,7,Lunch,253,Festival,0,0,Clear,4.74
0,7,Dinner,211,Festival,1,0,Rainy,0.0
0,7,Breakfast,190,Normal,0,0,Rainy,4.13
1,7,Breakfast,192,Event,0,0,Rainy,3.44
1,7,Lunch,274,Festival,0,0,Cloudy,0.0
1,7,Dinner,205,Normal,0,0,Cloudy,0.0
2,7,Breakfast,189,Event,0,0,Clear,3.95
2,7,Lunch,250,Normal,0,0,Cloudy,4.25
2,7,Dinner,213,Event,0,0,Clear,6.24
3,7,Lunch,260,Normal,0,0,Rainy,11.12
3,7,Breakfast,187,Festival,0,0,Rainy,0.0
3,7,Dinner,207,Normal,0,0,Cloudy,0.82
4,7,Breakfast,186,Festival,0,0,Rainy,4.88
4,7,Lunch,262,Festival,1,0,Rainy,1.77
4,7,Dinner,212,Event,0,0,Clear,7.94
5,7,Lunch,230,Normal,0,0,Clear,0.91
5,7,Dinner,205,Normal,0,0,Rainy,2.34
5,7,Breakfast,152,Festival,0,0,Rainy,0.05
6,7,Dinner,200,Event,0,0,Cloudy,2.54
6,7,Lunch,238,Normal,0,0,Clear,0.0
6,7,Breakfast,161,Event,0,0,Rainy,0.0
0,7,Breakfast,179,Festival,0,0,Clear,3.71
0,7,Lunch,265,Event,1,0,Clear,0.0
0,7,Dinner,208,Event,0,0,Cloudy,4.59
1,7,Breakfast,191,Festival,0,0,Cloudy,1.83
1,7,Lunch,275,Festival,0,0,Rainy,0.0
1,7,Dinner,235,Festival,1,0,Clear,2.54
2,7,Breakfast,177,Festival,0,0,Rainy,4.83
2,7,Lunch,251,Normal,1,0,Clear,3.46
2,7,Dinner,231,Festival,0,0,Clear,5.12
3,7,Breakfast,185,Festival,1,0,Clear,0.0
3,7,Lunch,260,Festival,0,0,Cloudy,1.31
3,7,Dinner,233,Festival,1,0,Cloudy,3.18
4,7,Lunch,252,Normal,0,0,Cloudy,3.98
4,7,Dinner,233,Normal,0,0,Rainy,4.28
4,7,Breakfast,169,Normal,0,0,Clear,2.34
5,7,Breakfast,155,Normal,0,0,Rainy,2.34
5,7,Lunch,238,Festival,0,0,Rainy,2.66
5,7,Dinner,201,Festival,0,0,Clear,1.78
6,7,Breakfast,152,Festival,0,0,Clear,1.01
6,7,Lunch,219,Festival,0,0,Clear,6.42
6,7,Dinner,202,Normal,1,0,Clear,2.28
0,7,Lunch,252,Normal,1,0,Rainy,3.32
0,7,Breakfast,195,Event,0,0,Cloudy,1.7
0,7,Dinner,234,Festival,0,0,Clear,0.0
1,7,Breakfast,168,Festival,1,0,Rainy,6.58
1,7,Lunch,250,Festival,0,0,Clear,7.93
1,7,Dinner,217,Event,1,0,Cloudy,6.44
2,7,Lunch,251,Festival,0,0,Clear,3.24
2,7,Dinner,218,Festival,0,0,Clear,5.56
2,7,Breakfast,165,Festival,0,0,Rainy,4.49
3,7,Lunch,246,Event,1,0,Rainy,6.0
3,7,Dinner,223,Normal,0,0,Cloudy,0.0
3,7,Breakfast,185,Normal,1,0,Clear,3.41
4,7,Breakfast,179,Festival,0,0,Cloudy,3.09
4,7,Lunch,270,Normal,0,0,Cloudy,13.0
4,7,Dinner,224,Normal,1,0,Clear,1.1
5,7,Breakfast,162,Event,1,0,Clear,2.38
5,7,Lunch,234,Event,0,0,Clear,7.78
5,7,Dinner,203,Festival,0,0,Rainy,11.04
6,7,Breakfast,151,Event,0,0,Clear,4.66
6,7,Lunch,226,Normal,0,0,Rainy,4.35
6,7,Dinner,179,Festival,1,0,Cloudy,5.96
0,7,Breakfast,178,Festival,0,0,Rainy,0.0
0,7,Lunch,261,Event,0,0,Cloudy,7.12
0,7,Dinner,209,Festival,0,0,Cloudy,8.85
1,7,Lunch,250,Event,0,0,Rainy,7.23
1,7,Dinner,228,Festival,0,0,Cloudy,6.38
1,7,Breakfast,184,Festival,0,0,Rainy,5.17
2,7,Breakfast,168,Festival,0,0,Rainy,1.58
2,7,Lunch,250,Event,1,0,Clear,8.43
2,7,Dinner,207,Event,0,0,Rainy,2.87
3,7,Breakfast,184,Festival,0,0,Clear,0.0
3,7,Lunch,259,Normal,0,0,Cloudy,0.47
3,7,Dinner,230,Normal,0,0,Rainy,2.98
4,8,Lunch,257,Festival,0,0,Clear,7.72
4,8,Breakfast,172,Event,0,0,Cloudy,5.97
4,8,Dinner,228,Normal,1,0,Cloudy,12.68
5,8,Breakfast,149,Festival,0,0,Clear,4.04
5,8,Lunch,231,Festival,1,0,Cloudy,5.86
5,8,Dinner,183,Event,0,0,Cloudy,7.43
6,8,Lunch,236,Normal,0,0,Rainy,6.25
6,8,Dinner,182,Festival,0,0,Clear,0.0
6,8,Breakfast,163,Festival,0,0,Cloudy,4.39
0,8,Dinner,231,Festival,0,0,Clear,0.45
0,8,Lunch,260,Normal,0,0,Clear,3.47
0,8,Breakfast,180,Festival,0,0,Rainy,0.0
1,8,Breakfast,184,Event,1,0,Cloudy,2.52
1,8,Lunch,255,Event,0,0,Cloudy,5.12
1,8,Dinner,229,Festival,0,0,Clear,5.02
2,8,Breakfast,180,Event,0,0,Clear,1.65
2,8,Lunch,267,Event,1,0,Clear,1.54
2,8,Dinner,208,Normal,0,0,Cloudy,0.0
3,8,Breakfast,180,Festival,0,0,Cloudy,4.29
3,8,Lunch,256,Festival,0,0,Rainy,3.75
3,8,Dinner,231,Normal,0,0,Cloudy,3.32
4,8,Breakfast,190,Festival,1,0,Clear,5.63
4,8,Lunch,262,Normal,0,0,Rainy,9.52
4,8,Dinner,227,Normal,0,0,Rainy,0.0
5,8,Lunch,228,Festival,1,0,Rainy,1.41
5,8,Dinner,180,Event,0,0,Rainy,1.12
5,8,Breakfast,158,Event,0,0,Cloudy,2.33
6,8,Breakfast,147,Festival,0,0,Clear,0.63
6,8,Lunch,228,Normal,0,0,Clear,8.28
6,8,Dinner,182,Event,0,0,Rainy,2.68
0,8,Breakfast,193,Event,0,0,Rainy,2.92
0,8,Lunch,250,Festival,0,0,Cloudy,8.01
0,8,Dinner,210,Normal,0,0,Rainy,5.37
1,8,Lunch,265,Normal,0,0,Rainy,4.31
1,8,Breakfast,189,Normal,0,0,Rainy,0.13
1,8,Dinner,221,Event,0,0,Cloudy,0.0
2,8,Breakfast,192,Festival,0,0,Rainy,4.39
2,8,Lunch,263,Festival,1,0,Cloudy,2.7
2,8,Dinner,214,Event,0,0,Cloudy,3.7
3,8,Lunch,260,Event,0,0,Cloudy,0.0
3,8,Dinner,229,Event,0,0,Rainy,7.26
3,8,Breakfast,173,Event,0,0,Clear,5.79
4,8,Lunch,252,Festival,0,0,Rainy,0.0
4,8,Dinner,214,Normal,0,0,Clear,9.32
4,8,Breakfast,178,Event,0,0,Rainy,5.5
5,8,Lunch,215,Event,0,0,Clear,0.08
5,8,Dinner,179,Normal,0,0,Cloudy,4.56
5,8,Breakfast,138,Normal,0,0,Cloudy,3.26
6,8,Breakfast,148,Normal,0,0,Rainy,3.6
6,8,Lunch,217,Normal,0,0,Cloudy,0.0
6,8,Dinner,203,Normal,0,0,Rainy,2.3
0,8,Breakfast,189,Normal,1,0,Rainy,0.0
0,8,Lunch,266,Normal,0,0,Cloudy,2.22
0,8,Dinner,228,Event,0,0,Clear,7.3
1,8,Breakfast,192,Normal,0,0,Clear,7.56
1,8,Lunch,263,Festival,0,0,Rainy,8.01
1,8,Dinner,227,Normal,1,0,Cloudy,0.0
2,8,Breakfast,175,Normal,0,0,Rainy,0.98
2,8,Lunch,260,Event,0,0,Cloudy,2.58
2,8,Dinner,205,Festival,0,0,Cloudy,7.1
3,8,Lunch,268,Normal,0,0,Rainy,0.0
3,8,Dinner,221,Normal,1,0,Cloudy,0.99
3,8,Breakfast,182,Event,0,0,Rainy,3.68
4,8,Breakfast,177,Normal,0,0,Rainy,3.96
4,8,Lunch,268,Festival,0,0,Rainy,4.94
4,8,Dinner,229,Normal,0,0,Cloudy,2.92
5,8,Breakfast,151,Normal,0,0,Clear,0.0
5,8,Lunch,230,Event,1,0,Rainy,0.28
5,8,Dinner,194,Normal,0,0,Clear,3.14
6,8,Lunch,232,Event,1,0,Rainy,2.73
6,8,Breakfast,155,Normal,0,0,Rainy,3.37
6,8,Dinner,176,Normal,0,0,Rainy,5.32
0,8,Breakfast,188,Festival,0,0,Clear,5.49
0,8,Lunch,262,Festival,0,0,Cloudy,8.78
0,8,Dinner,227,Festival,0,0,Cloudy,7.23
1,8,Lunch,272,Festival,0,0,Cloudy,3.44
1,8,Dinner,223,Event,0,0,Cloudy,0.0
1,8,Breakfast,170,Festival,0,0,Cloudy,5.94
2,8,Lunch,273,Normal,0,0,Cloudy,0.0
2,8,Dinner,234,Normal,0,0,Clear,4.08
2,8,Breakfast,179,Festival,0,0,Clear,2.44
3,8,Breakfast,176,Event,0,0,Clear,1.68
3,8,Lunch,247,Event,0,0,Rainy,0.0
3,8,Dinner,210,Festival,0,0,Clear,5.24
4,8,Breakfast,166,Event,0,0,Cloudy,0.88
4,8,Lunch,258,Normal,0,0,Rainy,11.09
4,8,Dinner,214,Festival,0,0,Rainy,0.01
5,8,Dinner,193,Festival,0,0,Cloudy,4.42
5,8,Lunch,217,Normal,0,0,Cloudy,0.75
5,8,Breakfast,139,Festival,1,0,Rainy,1.06
6,8,Breakfast,159,Normal,1,0,Rainy,3.67
6,8,Lunch,234,Festival,1,0,Cloudy,7.22
6,8,Dinner,177,Event,1,0,Cloudy,3.74
0,9,Breakfast,185,Festival,0,0,Cloudy,5.57
0,9,Lunch,259,Festival,0,0,Clear,11.64
0,9,Dinner,228,Normal,0,0,Cloudy,0.63
1,9,Dinner,217,Event,0,0,Clear,5.69
1,9,Lunch,251,Normal,0,0,Rainy,6.99
1,9,Breakfast,187,Festival,0,0,Rainy,1.74
2,9,Breakfast,190,Event,0,0,Clear,3.1
2,9,Lunch,266,Event,0,0,Rainy,16.65
2,9,Dinner,221,Normal,0,0,Clear,7.21
3,9,Breakfast,181,Event,0,0,Rainy,1.4
3,9,Lunch,260,Festival,0,0,Cloudy,13.17
3,9,Dinner,221,Festival,0,0,Clear,6.93
4,9,Breakfast,172,Event,1,0,Rainy,1.74
4,9,Lunch,275,Normal,0,0,Rainy,6.56
4,9,Dinner,214,Festival,1,0,Clear,1.74
5,9,Dinner,205,Event,0,0,Clear,0.0
5,9,Breakfast,156,Normal,0,0,Rainy,6.42
5,9,Lunch,244,Festival,1,0,Clear,3.41
6,9,Lunch,219,Festival,0,0,Rainy,3.82
6,9,Dinner,194,Event,0,0,Clear,2.92
6,9,Breakfast,165,Festival,0,0,Rainy,0.44
0,9,Dinner,234,Normal,0,0,Clear,11.38
0,9,Lunch,272,Event,0,0,Clear,6.08
0,9,Breakfast,187,Event,0,0,Rainy,0.0
1,9,Breakfast,194,Normal,0,0,Cloudy,5.27
1,9,Lunch,257,Festival,1,0,Cloudy,2.82
1,9,Dinner,224,Normal,0,0,Rainy,1.55
2,9,Breakfast,179,Normal,1,0,Rainy,6.59
2,9,Lunch,257,Event,0,0,Cloudy,2.1
2,9,Dinner,229,Festival,1,0,Clear,4.7
3,9,Breakfast,193,Normal,0,0,Rainy,1.31
3,9,Lunch,269,Event,0,0,Cloudy,5.1
3,9,Dinner,205,Normal,0,0,Cloudy,0.52
4,9,Breakfast,175,Festival,0,0,Cloudy,4.23
4,9,Lunch,247,Normal,0,0,Rainy,6.15
4,9,Dinner,222,Normal,0,0,Rainy,2.53
5,9,Lunch,224,Festival,0,0,Clear,0.0
5,9,Dinner,175,Event,0,0,Rainy,4.06
5,9,Breakfast,162,Festival,0,0,Cloudy,0.0
6,9,Breakfast,141,Festival,0,0,Rainy,3.71
6,9,Lunch,222,Normal,0,0,Clear,1.58
6,9,Dinner,179,Festival,1,0,Rainy,8.25
0,9,Breakfast,174,Normal,0,0,Clear,7.8
0,9,Lunch,264,Festival,0,0,Rainy,7.05
0,9,Dinner,234,Normal,0,0,Cloudy,1.97
1,9,Lunch,258,Festival,1,0,Rainy,2.95
1,9,Breakfast,191,Event,1,0,Cloudy,0.46
1,9,Dinner,207,Event,0,0,Rainy,5.87
2,9,Breakfast,184,Festival,1,0,Clear,1.31
2,9,Lunch,260,Normal,0,0,Rainy,8.83
2,9,Dinner,211,Normal,1,0,Rainy,1.29
3,9,Lunch,267,Event,0,0,Rainy,5.28
3,9,Dinner,208,Normal,0,0,Clear,0.94
3,9,Breakfast,178,Normal,0,0,Clear,1.59
4,9,Dinner,234,Festival,1,0,Cloudy,9.38
4,9,Lunch,260,Event,0,0,Cloudy,2.11
4,9,Breakfast,175,Festival,0,0,Clear,5.68
5,9,Breakfast,135,Normal,0,0,Cloudy,4.53
5,9,Lunch,223,Festival,1,0,Clear,3.41
5,9,Dinner,187,Event,0,0,Rainy,1.75
6,9,Breakfast,143,Normal,1,0,Cloudy,0.0
6,9,Lunch,224,Event,1,0,Clear,0.0
6,9,Dinner,175,Festival,1,0,Cloudy,6.99
0,9,Breakfast,174,Festival,0,0,Rainy,0.0
0,9,Lunch,251,Event,0,0,Clear,2.04
0,9,Dinner,226,Festival,0,0,Clear,11.83
1,9,Dinner,222,Normal,0,0,Cloudy,0.51
1,9,Breakfast,183,Event,1,0,Cloudy,4.4
1,9,Lunch,255,Normal,1,0,Clear,5.84
2,9,Dinner,217,Festival,0,0,Rainy,2.53
2,9,Lunch,249,Normal,0,0,Clear,1.57
2,9,Breakfast,183,Event,0,0,Rainy,3.0
3,9,Breakfast,184,Festival,0,0,Rainy,0.0
3,9,Lunch,274,Event,0,0,Rainy,12.16
3,9,Dinner,214,Event,0,0,Rainy,0.13
4,9,Breakfast,177,Event,0,0,Cloudy,3.92
4,9,Lunch,245,Event,0,0,Clear,4.83
4,9,Dinner,224,Event,1,0,Clear,5.6
5,9,Dinner,188,Festival,0,0,Clear,5.77
5,9,Breakfast,155,Normal,1,0,Cloudy,3.38
5,9,Lunch,222,Festival,1,0,Clear,0.92
6,9,Lunch,241,Festival,1,0,Clear,0.0
6,9,Dinner,199,Normal,1,0,Clear,0.81
6,9,Breakfast,158,Festival,0,0,Cloudy,8.06
0,9,Lunch,257,Event,1,0,Cloudy,9.85
0,9,Dinner,230,Normal,1,0,Cloudy,4.58
0,9,Breakfast,193,Festival,0,0,Cloudy,4.69
1,9,Lunch,273,Normal,0,0,Cloudy,15.55
1,9,Dinner,212,Event,0,0,Cloudy,5.23
1,9,Breakfast,165,Normal,0,0,Cloudy,4.74
2,10,Lunch,271,Normal,0,0,Clear,0.0
2,10,Dinner,225,Normal,0,0,Clear,0.0
2,10,Breakfast,178,Event,0,0,Rainy,2.5
3,10,Breakfast,185,Festival,0,0,Cloudy,3.64
3,10,Lunch,259,Normal,0,0,Clear,0.89
3,10,Dinner,224,Event,0,0,Rainy,1.28
4,10,Breakfast,194,Festival,0,0,Cloudy,4.58
4,10,Lunch,248,Festival,0,0,Rainy,1.87
4,10,Dinner,219,Festival,0,0,Cloudy,0.0
5,10,Breakfast,156,Festival,0,0,Cloudy,3.11
5,10,Lunch,230,Event,0,0,Cloudy,5.46
5,10,Dinner,184,Festival,0,0,Rainy,0.0
6,10,Breakfast,136,Festival,1,0,Cloudy,2.7
6,10,Lunch,215,Event,0,0,Cloudy,4.08
6,10,Dinner,194,Normal,1,0,Rainy,4.18
0,10,Lunch,250,Festival,0,0,Clear,6.04
0,10,Dinner,229,Normal,0,0,Rainy,8.06
0,10,Breakfast,188,Normal,0,0,Rainy,3.53
1,10,Breakfast,183,Normal,0,0,Clear,2.39
1,10,Lunch,257,Normal,0,0,Rainy,0.63
1,10,Dinner,226,Event,0,0,Clear,8.8
2,10,Breakfast,177,Festival,0,0,Rainy,2.93
2,10,Lunch,275,Event,0,0,Cloudy,3.64
2,10,Dinner,213,Festival,1,0,Rainy,1.15
3,10,Lunch,266,Festival,0,0,Clear,7.44
3,10,Breakfast,189,Festival,0,0,Cloudy,3.08
3,10,Dinner,212,Festival,0,0,Clear,5.82
4,10,Breakfast,195,Normal,0,0,Rainy,2.16
4,10,Lunch,266,Event,0,0,Clear,7.36
4,10,Dinner,226,Festival,0,0,Cloudy,1.28
5,10,Lunch,223,Festival,0,0,Clear,6.58
5,10,Dinner,180,Festival,0,0,Rainy,0.43
5,10,Breakfast,143,Event,0,0,Cloudy,2.92
6,10,Lunch,239,Normal,0,0,Clear,0.21
6,10,Dinner,183,Festival,0,0,Rainy,1.89
6,10,Breakfast,164,Festival,0,0,Rainy,4.24
0,10,Breakfast,180,Festival,0,0,Clear,1.46
0,10,Lunch,245,Festival,0,0,Rainy,5.46
0,10,Dinner,215,Event,1,0,Clear,2.8
1,10,Breakfast,192,Normal,0,0,Rainy,1.0
1,10,Lunch,262,Normal,0,0,Cloudy,5.7
1,10,Dinner,220,Normal,0,0,Clear,4.99
2,10,Dinner,208,Festival,0,0,Rainy,4.34
2,10,Lunch,262,Festival,0,0,Cloudy,11.82
2,10,Breakfast,188,Event,0,0,Rainy,3.14
3,10,Breakfast,188,Festival,0,0,Cloudy,5.7
3,10,Lunch,260,Festival,0,0,Clear,0.0
3,10,Dinner,233,Normal,0,0,Rainy,10.88
4,10,Breakfast,180,Event,0,0,Cloudy,9.43
4,10,Lunch,255,Normal,1,0,Clear,5.25
4,10,Dinner,210,Festival,0,0,Clear,2.61
5,10,Dinner,203,Normal,0,0,Rainy,0.94
5,10,Lunch,227,Normal,1,0,Clear,0.13
5,10,Breakfast,152,Festival,1,0,Clear,0.04
6,10,Breakfast,139,Festival,0,0,Clear,1.39
6,10,Lunch,234,Event,0,0,Cloudy,3.08
6,10,Dinner,175,Festival,0,0,Clear,4.22
0,10,Breakfast,192,Event,0,0,Clear,4.34
0,10,Lunch,251,Event,0,0,Cloudy,7.14
0,10,Dinner,210,Event,1,0,Cloudy,0.96
1,10,Breakfast,190,Normal,0,0,Clear,0.0
1,10,Lunch,260,Festival,0,0,Rainy,0.0
1,10,Dinner,218,Event,0,0,Clear,1.97
2,10,Dinner,217,Normal,0,0,Cloudy,0.0
2,10,Breakfast,168,Normal,0,0,Clear,1.87
2,10,Lunch,263,Event,0,0,Rainy,0.86
3,10,Lunch,250,Festival,0,0,Rainy,2.63
3,10,Dinner,223,Normal,1,0,Cloudy,13.8
3,10,Breakfast,169,Event,0,0,Cloudy,4.12
4,10,Dinner,206,Festival,0,0,Cloudy,5.0
4,10,Lunch,258,Normal,0,0,Rainy,0.0
4,10,Breakfast,191,Normal,0,0,Clear,0.41
5,10,Breakfast,150,Festival,0,0,Clear,3.56
5,10,Lunch,245,Normal,0,0,Clear,3.16
5,10,Dinner,196,Normal,0,0,Rainy,1.47
6,10,Breakfast,149,Festival,0,0,Cloudy,5.8
6,10,Lunch,237,Event,1,0,Rainy,0.0
6,10,Dinner,176,Festival,0,0,Rainy,5.52
0,10,Breakfast,190,Festival,0,0,Rainy,6.59
0,10,Lunch,273,Event,0,0,Cloudy,2.42
0,10,Dinner,225,Event,0,0,Clear,6.68
1,10,Breakfast,182,Normal,0,0,Rainy,2.96
1,10,Lunch,255,Normal,0,0,Clear,7.51
1,10,Dinner,216,Festival,1,0,Rainy,2.44
2,10,Lunch,273,Normal,0,0,Clear,1.41
2,10,Dinner,213,Festival,0,0,Rainy,6.48
2,10,Breakfast,193,Normal,0,0,Rainy,4.48
3,10,Breakfast,174,Event,0,0,Cloudy,4.0
3,10,Lunch,268,Festival,0,0,Clear,8.37
3,10,Dinner,218,Festival,1,0,Rainy,1.38
4,10,Breakfast,191,Normal,0,0,Cloudy,3.16
4,10,Lunch,252,Event,0,0,Clear,6.94
4,10,Dinner,219,Normal,0,0,Clear,7.22
5,11,Lunch,220,Normal,0,1,Cloudy,6.46
5,11,Breakfast,140,Event,0,1,Cloudy,0.0
5,11,Dinner,189,Event,0,1,Clear,4.52
6,11,Breakfast,159,Festival,1,1,Rainy,1.9
6,11,Lunch,225,Festival,0,1,Rainy,7.37
6,11,Dinner,200,Festival,0,1,Clear,2.0
0,11,Lunch,259,Festival,0,1,Rainy,5.5
0,11,Dinner,230,Festival,0,1,Rainy,6.32
0,11,Breakfast,193,Festival,0,1,Cloudy,0.45
1,11,Lunch,257,Event,0,1,Clear,6.12
1,11,Dinner,216,Event,0,1,Rainy,2.93
1,11,Breakfast,181,Festival,0,1,Clear,2.67
2,11,Breakfast,190,Festival,0,1,Cloudy,0.0
2,11,Lunch,249,Event,0,1,Rainy,7.39
2,11,Dinner,229,Normal,1,1,Cloudy,1.98
3,11,Breakfast,179,Event,1,1,Cloudy,5.58
3,11,Lunch,260,Festival,0,1,Cloudy,9.28
3,11,Dinner,212,Festival,0,1,Rainy,6.37
4,11,Dinner,223,Normal,0,1,Rainy,5.84
4,11,Lunch,269,Festival,0,1,Cloudy,0.23
4,11,Breakfast,168,Normal,0,1,Clear,2.87
5,11,Breakfast,151,Event,0,1,Clear,1.61
5,11,Lunch,243,Event,0,1,Rainy,5.73
5,11,Dinner,184,Normal,0,1,Rainy,0.6
6,11,Breakfast,154,Event,0,1,Rainy,1.11
6,11,Lunch,236,Normal,1,1,Clear,0.17
6,11,Dinner,184,Normal,0,1,Clear,7.72
0,11,Dinner,208,Normal,0,1,Cloudy,5.43
0,11,Lunch,272,Event,0,1,Cloudy,6.43
0,11,Breakfast,169,Festival,1,1,Rainy,4.52
1,11,Breakfast,193,Normal,0,1,Cloudy,0.28
1,11,Lunch,252,Normal,0,1,Clear,7.81
1,11,Dinner,218,Normal,0,1,Clear,0.0
2,11,Breakfast,166,Normal,0,1,Clear,5.25
2,11,Lunch,266,Festival,0,1,Clear,5.53
2,11,Dinner,210,Festival,0,1,Cloudy,3.45
3,11,Breakfast,176,Festival,0,1,Rainy,3.66
3,11,Lunch,248,Normal,1,1,Cloudy,8.07
3,11,Dinner,205,Event,1,1,Cloudy,4.38
4,11,Dinner,209,Normal,0,1,Clear,4.5
4,11,Breakfast,170,Event,0,1,Cloudy,8.55
4,11,Lunch,261,Normal,1,1,Cloudy,1.1
5,11,Lunch,232,Event,0,1,Clear,0.0
5,11,Dinner,180,Festival,0,1,Cloudy,3.73
5,11,Breakfast,150,Event,0,1,Rainy,2.47
6,11,Dinner,198,Festival,0,1,Cloudy,0.51
6,11,Breakfast,138,Normal,0,1,Rainy,1.25
6,11,Lunch,226,Normal,0,1,Clear,2.64
0,11,Breakfast,176,Event,0,1,Rainy,2.0
0,11,Lunch,269,Normal,0,1,Rainy,3.47
0,11,Dinner,208,Event,1,1,Clear,3.31
1,11,Breakfast,186,Festival,1,1,Clear,0.13
1,11,Lunch,269,Festival,0,1,Cloudy,12.18
1,11,Dinner,215,Normal,0,1,Cloudy,0.45
2,11,Breakfast,179,Festival,0,1,Clear,3.43
2,11,Lunch,273,Normal,1,1,Cloudy,9.35
2,11,Dinner,226,Festival,0,1,Cloudy,4.18
3,11,Breakfast,181,Festival,0,1,Rainy,3.2
3,11,Lunch,269,Event,1,1,Cloudy,4.52
3,11,Dinner,205,Event,0,1,Cloudy,5.08
4,11,Lunch,248,Event,1,1,Rainy,0.69
4,11,Dinner,221,Event,1,1,Cloudy,0.6
4,11,Breakfast,166,Normal,0,1,Rainy,0.61
5,11,Breakfast,147,Normal,0,1,Rainy,0.89
5,11,Lunch,230,Event,0,1,Cloudy,3.9
5,11,Dinner,181,Normal,0,1,Rainy,0.69
6,11,Breakfast,143,Festival,0,1,Rainy,1.24
6,11,Lunch,237,Event,0,1,Rainy,1.44
6,11,Dinner,181,Event,1,1,Cloudy,3.42
0,11,Lunch,273,Normal,0,1,Cloudy,3.98
0,11,Breakfast,175,Festival,0,1,Rainy,3.93
0,11,Dinner,213,Festival,0,1,Cloudy,4.2
1,11,Breakfast,181,Event,0,1,Rainy,3.04
1,11,Lunch,258,Event,0,1,Cloudy,4.52
1,11,Dinner,225,Normal,0,1,Clear,1.07
2,11,Lunch,251,Festival,1,1,Cloudy,7.83
2,11,Dinner,210,Event,1,1,Clear,3.87
2,11,Breakfast,165,Event,0,1,Cloudy,5.46
3,11,Dinner,235,Event,0,1,Clear,0.0
3,11,Lunch,275,Festival,1,1,Clear,1.52
3,11,Breakfast,174,Normal,0,1,Rainy,4.85
4,11,Breakfast,191,Normal,0,1,Cloudy,3.8
4,11,Lunch,248,Normal,0,1,Rainy,3.39
4,11,Dinner,222,Festival,0,1,Cloudy,8.89
5,11,Breakfast,165,Event,0,1,Rainy,2.21
5,11,Lunch,215,Festival,0,1,Clear,0.0
5,11,Dinner,183,Normal,1,1,Rainy,2.0
6,11,Breakfast,162,Event,0,1,Cloudy,7.2
6,11,Lunch,217,Festival,0,1,Cloudy,0.0
6,11,Dinner,203,Event,0,1,Cloudy,4.75
0,12,Breakfast,194,Festival,0,1,Clear,2.96
0,12,Lunch,261,Event,0,1,Rainy,2.72
0,12,Dinner,227,Festival,0,1,Cloudy,3.29
1,12,Lunch,261,Event,0,1,Cloudy,7.21
1,12,Dinner,232,Normal,0,1,Cloudy,0.72
1,12,Breakfast,165,Normal,0,1,Clear,2.5
2,12,Breakfast,178,Normal,0,1,Rainy,0.0
2,12,Lunch,275,Event,0,1,Clear,7.71
2,12,Dinner,213,Normal,0,1,Clear,0.0
3,12,Breakfast,170,Festival,0,1,Cloudy,0.0
3,12,Lunch,248,Event,0,1,Cloudy,11.35
3,12,Dinner,217,Festival,0,1,Cloudy,3.93
4,12,Lunch,259,Event,0,1,Clear,1.59
4,12,Breakfast,178,Normal,1,1,Cloudy,3.7
4,12,Dinner,232,Festival,0,1,Cloudy,6.59
5,12,Breakfast,158,Normal,0,1,Cloudy,2.53
5,12,Lunch,244,Festival,0,1,Rainy,6.72
5,12,Dinner,175,Event,0,1,Rainy,5.26
6,12,Lunch,219,Event,0,1,Clear,1.42
6,12,Dinner,179,Event,0,1,Cloudy,4.33
6,12,Breakfast,165,Event,0,1,Cloudy,1.63
0,12,Dinner,213,Normal,0,1,Cloudy,7.79
0,12,Breakfast,184,Event,0,1,Rainy,2.61
0,12,Lunch,262,Normal,0,1,Clear,8.59
1,12,Breakfast,176,Normal,0,1,Clear,4.27
1,12,Lunch,247,Event,1,1,Rainy,7.14
1,12,Dinner,223,Normal,0,1,Rainy,0.86
2,12,Breakfast,194,Normal,0,1,Cloudy,1.01
2,12,Lunch,266,Normal,0,1,Cloudy,3.73
2,12,Dinner,207,Festival,0,1,Cloudy,4.87
3,12,Breakfast,175,Festival,1,1,Rainy,0.96
3,12,Lunch,249,Festival,0,1,Clear,3.87
3,12,Dinner,222,Normal,0,1,Cloudy,2.93
4,12,Breakfast,192,Normal,0,1,Rainy,0.0
4,12,Lunch,254,Festival,0,1,Rainy,7.14
4,12,Dinner,216,Event,0,1,Cloudy,5.74
5,12,Lunch,235,Normal,0,1,Rainy,0.95
5,12,Dinner,204,Event,0,1,Cloudy,1.84
5,12,Breakfast,153,Normal,0,1,Rainy,1.26
6,12,Breakfast,164,Normal,1,1,Cloudy,0.0
6,12,Lunch,228,Normal,1,1,Rainy,5.56
6,12,Dinner,188,Event,0,1,Cloudy,0.0
0,12,Breakfast,183,Normal,0,1,Cloudy,8.88
0,12,Lunch,271,Festival,0,1,Cloudy,1.46
0,12,Dinner,229,Normal,0,1,Clear,9.97
1,12,Lunch,248,Festival,1,1,Rainy,1.81
1,12,Breakfast,167,Normal,0,1,Clear,0.52
1,12,Dinner,228,Festival,0,1,Rainy,0.0
2,12,Breakfast,190,Festival,0,1,Clear,2.2
2,12,Lunch,272,Festival,1,1,Cloudy,0.61
2,12,Dinner,211,Normal,0,1,Clear,2.26
3,12,Lunch,252,Normal,0,1,Cloudy,0.0
3,12,Dinner,225,Festival,1,1,Rainy,6.16
3,12,Breakfast,193,Event,1,1,Clear,4.99
4,12,Dinner,233,Festival,0,1,Cloudy,0.0
4,12,Breakfast,174,Festival,0,1,Rainy,2.95
4,12,Lunch,252,Event,0,1,Clear,4.2
5,12,Breakfast,135,Festival,0,1,Clear,2.26
5,12,Lunch,233,Normal,0,1,Cloudy,5.51
5,12,Dinner,198,Event,0,1,Rainy,5.09
6,12,Breakfast,160,Event,0,1,Rainy,5.35
6,12,Lunch,220,Event,0,1,Cloudy,1.52
6,12,Dinner,181,Festival,0,1,Cloudy,4.81
0,12,Breakfast,170,Normal,0,1,Rainy,2.81
0,12,Lunch,262,Festival,0,1,Clear,0.0
0,12,Dinner,233,Festival,0,1,Clear,4.06
1,12,Dinner,210,Normal,0,1,Clear,3.24
1,12,Breakfast,194,Festival,1,1,Clear,2.9
1,12,Lunch,270,Normal,0,1,Rainy,7.6
2,12,Dinner,209,Event,0,1,Cloudy,6.78
2,12,Breakfast,175,Normal,0,1,Clear,3.37
2,12,Lunch,255,Event,0,1,Cloudy,7.25
3,12,Breakfast,195,Normal,1,1,Clear,4.05
3,12,Lunch,275,Event,0,1,Clear,3.46
3,12,Dinner,217,Festival,1,1,Clear,4.86
4,12,Breakfast,174,Festival,0,1,Cloudy,1.46
4,12,Lunch,274,Festival,0,1,Clear,2.26
4,12,Dinner,219,Festival,0,1,Cloudy,6.24
5,12,Lunch,238,Festival,0,1,Rainy,2.86
5,12,Breakfast,163,Event,0,1,Rainy,1.49
5,12,Dinner,191,Festival,0,1,Rainy,4.39
6,12,Lunch,235,Event,0,1,Clear,7.88
6,12,Breakfast,142,Event,0,1,Clear,0.79
6,12,Dinner,193,Festival,1,1,Rainy,0.0
0,12,Lunch,267,Normal,0,1,Rainy,6.24
0,12,Breakfast,192,Festival,0,1,Rainy,3.65
0,12,Dinner,219,Normal,0,1,Clear,1.47
1,12,Lunch,262,Event,0,1,Rainy,4.2
1,12,Breakfast,193,Event,1,1,Rainy,2.98
1,12,Dinner,227,Normal,0,1,Rainy,4.83
2,12,Lunch,259,Festival,0,1,Clear,3.72
2,12,Breakfast,187,Festival,0,1,Clear,0.0
2,12,Dinner,208,Event,0,1,Clear,4.04
